Name,Type,Condition,Path,Scope,Line
AIHideObject_Set,CCCPOINT,None,.\Code\CryEngine\CryAISystem\AIHideObject.cpp,Set(const SHideSpot *hs  const Vec3& hidePos  const Vec3& hideDir),91
ActorStance_LocalActorStartCrouch,CCCPOINT_IF,m_isClient,.\Code\Game03\GameDll\Actor.cpp,SetStance(EStance desiredStance),1632
ActorStance_LocalActorStartStand,CCCPOINT_IF,m_isClient,.\Code\Game03\GameDll\Actor.cpp,SetStance(EStance desiredStance),1627
ActorStance_LocalActorStartSwim,CCCPOINT_IF,m_isClient,.\Code\Game03\GameDll\Actor.cpp,SetStance(EStance desiredStance),1637
ActorStance_LocalActorStopCrouch,CCCPOINT_IF,m_isClient,.\Code\Game03\GameDll\Actor.cpp,SetStance(EStance desiredStance),1614
ActorStance_LocalActorStopStand,CCCPOINT_IF,m_isClient,.\Code\Game03\GameDll\Actor.cpp,SetStance(EStance desiredStance),1609
ActorStance_LocalActorStopSwim,CCCPOINT_IF,m_isClient,.\Code\Game03\GameDll\Actor.cpp,SetStance(EStance desiredStance),1619
ActorStance_OtherActorStartCrouch,CCCPOINT_IF,!m_isClient,.\Code\Game03\GameDll\Actor.cpp,SetStance(EStance desiredStance),1633
ActorStance_OtherActorStartStand,CCCPOINT_IF,!m_isClient,.\Code\Game03\GameDll\Actor.cpp,SetStance(EStance desiredStance),1628
ActorStance_OtherActorStartSwim,CCCPOINT_IF,!m_isClient,.\Code\Game03\GameDll\Actor.cpp,SetStance(EStance desiredStance),1638
ActorStance_OtherActorStopCrouch,CCCPOINT_IF,!m_isClient,.\Code\Game03\GameDll\Actor.cpp,SetStance(EStance desiredStance),1615
ActorStance_OtherActorStopStand,CCCPOINT_IF,!m_isClient,.\Code\Game03\GameDll\Actor.cpp,SetStance(EStance desiredStance),1610
ActorStance_OtherActorStopSwim,CCCPOINT_IF,!m_isClient,.\Code\Game03\GameDll\Actor.cpp,SetStance(EStance desiredStance),1620
Actor_PhysicalizeLocalPlayer,CCCPOINT,None,.\Code\Game03\GameDll\Actor.cpp,Physicalize(EStance stance),909
Actor_PhysicalizeNPC,CCCPOINT,None,.\Code\Game03\GameDll\Actor.cpp,Physicalize(EStance stance),901
Actor_PhysicalizeOtherPlayer,CCCPOINT,None,.\Code\Game03\GameDll\Actor.cpp,Physicalize(EStance stance),913
Actor_PhysicalizePlayerWhileNoClient,CCCPOINT,None,.\Code\Game03\GameDll\Actor.cpp,Physicalize(EStance stance),905
Audio_ScriptPlayEntitySignal,CCCPOINT,None,.\Code\Game03\GameDll\Audio\Scriptbind_GameAudio.cpp,PlayEntitySignal(IFunctionHandler *pH  TAudioSignalID signalId  ScriptHandle handleEntityId ),100
Audio_ScriptStopEntitySignal,CCCPOINT,None,.\Code\Game03\GameDll\Audio\Scriptbind_GameAudio.cpp,StopEntitySignal(IFunctionHandler *pH  TAudioSignalID signalId  ScriptHandle handleEntityId ),117
C4_ClientSendDetonateRequest,CCCPOINT,None,.\Code\Game03\GameDll\C4.cpp,RequestDetonate(),206
C4_ReceiveDetonateInput,CCCPOINT,None,.\Code\Game03\GameDll\C4.cpp,OnActionAttackSecondary(EntityId actorId  const ActionId& actionId  int activationMode  float value),76
C4_ReceiveNetDetonateInput,CCCPOINT,None,.\Code\Game03\GameDll\C4.cpp,NetSetDetonateSwitch(bool detonate),177
CAIActor_CanAcquireTarget,CCCPOINT,None,.\Code\CryEngine\CryAISystem\AIActor.cpp,CanAcquireTarget(IAIObject* pOther) const,1237
CAIActor_IsObjectInFOVCone,CCCPOINT,None,.\Code\CryEngine\CryAISystem\AIActor.cpp,SetCloseContact(bool bCloseContact),1522
CAIActor_SetAttentionTarget,CCCPOINT,None,.\Code\CryEngine\CryAISystem\AIActor.cpp,SetAttentionTarget(CWeakRef<CAIObject> refTarget),1475
CAIGroup_FindOrCreateGroupTactic,CCCPOINT,None,.\Code\CryEngine\CryAISystem\AIGroup.cpp,Point_PointSq(vPos  reinfSpot);,1381
CAIGroup_ForemostUnit,CCCPOINT,None,.\Code\CryEngine\CryAISystem\AIGroup.cpp,GetForemostUnit(const Vec3& direction  uint32 unitProp) const,876
CAIGroup_GetAttentionTarget,CCCPOINT,None,.\Code\CryEngine\CryAISystem\AIGroup.cpp,GetAttentionTarget(bool bHostileOnly  bool bLiveOnly  const CWeakRef<CAIObject> refSkipTarget) const,360
CAIGroup_GetAttentionTarget_A,CCCPOINT,None,.\Code\CryEngine\CryAISystem\AIGroup.cpp,GetAttentionTarget(bool bHostileOnly  bool bLiveOnly  const CWeakRef<CAIObject> refSkipTarget) const,386
CAIGroup_GetAttentionTarget_B,CCCPOINT,None,.\Code\CryEngine\CryAISystem\AIGroup.cpp,GetAttentionTarget(bool bHostileOnly  bool bLiveOnly  const CWeakRef<CAIObject> refSkipTarget) const,414
CAIGroup_GetAveragePosition,CCCPOINT,None,.\Code\CryEngine\CryAISystem\AIGroup.cpp,GetAveragePosition(IAIGroup,327
CAIGroup_GetEnemyPositionKnown,CCCPOINT,None,.\Code\CryEngine\CryAISystem\AIGroup.cpp,GetEnemyPositionKnown( ) const,965
CAIGroup_GetEnemyPositionKnown_A,CCCPOINT,None,.\Code\CryEngine\CryAISystem\AIGroup.cpp,GetEnemyPositionKnown( ) const,991
CAIGroup_GetEnemyPosition_A,CCCPOINT,None,.\Code\CryEngine\CryAISystem\AIGroup.cpp,GetEnemyPosition(const CAIObject* pUnit) const,524
CAIGroup_GetEnemyPosition_B,CCCPOINT,None,.\Code\CryEngine\CryAISystem\AIGroup.cpp,GetEnemyPosition(const CAIObject* pUnit) const,605
CAIGroup_GetTargetCount,CCCPOINT,None,.\Code\CryEngine\CryAISystem\AIGroup.cpp,GetTargetCount(bool bHostileOnly  bool bLiveOnly) const,427
CAIGroup_GetUnit,CCCPOINT,None,.\Code\CryEngine\CryAISystem\AIGroup.cpp,NotifyBodyChecked(const CAIObject* pObject),225
CAIGroup_GetUnitCount,CCCPOINT,None,.\Code\CryEngine\CryAISystem\AIGroup.cpp,GetUnitCount(uint32 unitPropMask) const,349
CAIGroup_RemoveMember,CCCPOINT,None,.\Code\CryEngine\CryAISystem\AIGroup.cpp,GetLeader(),158
CAIGroup_Reset,CCCPOINT,None,.\Code\CryEngine\CryAISystem\AIGroup.cpp,Reset(),1516
CAIGroup_Serialize,CCCPOINT,None,.\Code\CryEngine\CryAISystem\AIGroup.cpp,Serialize(TSerialize ser  CObjectTracker& objectTracker),1548
CAIGroup_SetUnitClass,CCCPOINT,None,.\Code\CryEngine\CryAISystem\AIGroup.cpp,SetUnitClass(CUnitImg& UnitImg) const,257
CAIGroup_Update,CCCPOINT,None,.\Code\CryEngine\CryAISystem\AIGroup.cpp,Update(),1022
CAIGroup_UpdateReinforcementLogic_A,CCCPOINT,None,.\Code\CryEngine\CryAISystem\AIGroup.cpp,UpdateReinforcementLogic(float dt),1085
CAIGroup_UpdateReinforcementLogic_B,CCCPOINT,None,.\Code\CryEngine\CryAISystem\AIGroup.cpp,UpdateReinforcementLogic(float dt),1128
CAIGroup_UpdateReinforcementLogic_C,CCCPOINT,None,.\Code\CryEngine\CryAISystem\AIGroup.cpp,UpdateReinforcementLogic(float dt),1215
CAIGroup_UpdateReinforcementLogic_D,CCCPOINT,None,.\Code\CryEngine\CryAISystem\AIGroup.cpp,Point_PointSq(vPos  reinfSpot);,1275
CAIGroup_UpdateReinforcementLogic_E,CCCPOINT,None,.\Code\CryEngine\CryAISystem\AIGroup.cpp,Point_PointSq(vPos  reinfSpot);,1339
CAIHideObject_UpdatePathExpand_HighCover,CCCPOINT,None,.\Code\CryEngine\CryAISystem\AIHideObject.cpp,UpdatePathExpand(CPipeUser *pOperand),1072
CAILightManager_DynOmniLightEvent,CCCPOINT,None,.\Code\CryEngine\CryAISystem\AILightManager.cpp,DynOmniLightEvent(const Vec3& pos  float radius  EAILightEventType type  CAIActor* pShooter  float time),80
CAILightManager_DynSpotLightEvent,CCCPOINT,None,.\Code\CryEngine\CryAISystem\AILightManager.cpp,DynSpotLightEvent(const Vec3& pos  const Vec3& dir  float radius  float fov  EAILightEventType type  CAIActor* pShooter  float time),114
CAILightManager_DynSpotLightEvent_A,CCCPOINT,None,.\Code\CryEngine\CryAISystem\AILightManager.cpp,DynSpotLightEvent(const Vec3& pos  const Vec3& dir  float radius  float fov  EAILightEventType type  CAIActor* pShooter  float time),126
CAILightManager_DynSpotLightEvent_B,CCCPOINT,None,.\Code\CryEngine\CryAISystem\AILightManager.cpp,DynSpotLightEvent(const Vec3& pos  const Vec3& dir  float radius  float fov  EAILightEventType type  CAIActor* pShooter  float time),152
CAILightManager_DynSpotLightEvent_C,CCCPOINT,None,.\Code\CryEngine\CryAISystem\AILightManager.cpp,DynSpotLightEvent(const Vec3& pos  const Vec3& dir  float radius  float fov  EAILightEventType type  CAIActor* pShooter  float time),169
CAILightManager_GetLightLevelAt,CCCPOINT,None,.\Code\CryEngine\CryAISystem\AILightManager.cpp,GetLightLevelAt(const Vec3& pos  const CAIActor* pAgent  bool* outUsingCombatLight),453
CAILightManager_Reset,CCCPOINT,None,.\Code\CryEngine\CryAISystem\AILightManager.cpp,Reset(),60
CAILightManager_Update,CCCPOINT,None,.\Code\CryEngine\CryAISystem\AILightManager.cpp,Update(bool forceUpdate),180
CAILightManager_UpdateLights,CCCPOINT,None,.\Code\CryEngine\CryAISystem\AILightManager.cpp,UpdateLights(),540
CAILightManager_Update_NilShooter,CCCPOINT,None,.\Code\CryEngine\CryAISystem\AILightManager.cpp,Update(bool forceUpdate),202
CAIObject_CreateFormation,CCCPOINT,None,.\Code\CryEngine\CryAISystem\AIObject.cpp,CreateFormation(const char *szName  Vec3 vTargetPos),278
CAIObject_GetVelocity,CCCPOINT,None,.\Code\CryEngine\CryAISystem\AIObject.cpp,GetVelocity() const,310
CAIObject_ReleaseFormation,CCCPOINT,None,.\Code\CryEngine\CryAISystem\AIObject.cpp,ReleaseFormation(void),290
CAIObject_SetPos,CCCPOINT,None,.\Code\CryEngine\CryAISystem\AIObject.cpp,SetPos(const Vec3& pos  const Vec3& dirForw),63
CAIPlayer_Update,CCCPOINT,None,.\Code\CryEngine\CryAISystem\AIPlayer.cpp,Update(EObjectUpdate type),345
CAIPlayer_UpdateAttentionTarget,CCCPOINT,None,.\Code\CryEngine\CryAISystem\AIPlayer.cpp,UpdateAttentionTarget(CWeakRef<CAIObject> refTarget),245
CAISystem_AllocGoalPipeId,CCCPOINT,None,.\Code\CryEngine\CryAISystem\CAISystem.cpp,AllocGoalPipeId() const,7134
CAISystem_ChangeFormation,CCCPOINT,None,.\Code\CryEngine\CryAISystem\CAISystem.cpp,ChangeFormation(IAIObject* pOwner  const char * szFormationName float fScale),1512
CAISystem_CreateFormation,CCCPOINT,None,.\Code\CryEngine\CryAISystem\CAISystem.cpp,CreateFormation(CWeakRef<CAIObject> refOwner  const char * szFormationName  Vec3 vTargetPos),1485
CAISystem_Event,CCCPOINT,None,.\Code\CryEngine\CryAISystem\CAISystem.cpp,Event( int event  const char *name),4194
CAISystem_Event_DM,CCCPOINT,None,.\Code\CryEngine\CryAISystem\CAISystem.cpp,Event( int event  const char *name),4200
CAISystem_GetBeaconGroupId,CCCPOINT,None,.\Code\CryEngine\CryAISystem\CAISystem.cpp,GetBeaconGroupId(CAIObject* pBeacon),2953
CAISystem_GetFormationPoint,CCCPOINT,None,.\Code\CryEngine\CryAISystem\CAISystem.cpp,GetFormationPoint(IAIObject* pObject),4281
CAISystem_ReleaseFormation,CCCPOINT,None,.\Code\CryEngine\CryAISystem\CAISystem.cpp,ReleaseFormation(CWeakRef<CAIObject> refOwner  bool bDelete),2177
CAISystem_ReleaseFormationPoint,CCCPOINT,None,.\Code\CryEngine\CryAISystem\CAISystem.cpp,ReleaseFormationPoint(CAIObject * pReserved),2390
CAISystem_SameFormation,CCCPOINT,None,.\Code\CryEngine\CryAISystem\CAISystem.cpp,SameFormation(const CPuppet* pHuman  const CAIVehicle* pVehicle),1581
CAISystem_ScaleFormation,CCCPOINT,None,.\Code\CryEngine\CryAISystem\CAISystem.cpp,ScaleFormation(IAIObject* pOwner  float fScale),1535
CAISystem_SendAnonymousSignal,CCCPOINT,None,.\Code\CryEngine\CryAISystem\CAISystem.cpp,SendAnonymousSignal(int nSignalID  const char * szText  const Vec3 & vPos  float fRadius  IAIObject *pObject  IAISignalExtraData* pData),2320
CAISystem_SendSignal,CCCPOINT,None,.\Code\CryEngine\CryAISystem\CAISystem.cpp,SendSignal(unsigned char cFilter  int nSignalId const char *szText  IAIObject *pSenderObject  IAISignalExtraData* pData),808
CAISystem_SendSignal_Formation,CCCPOINT,None,.\Code\CryEngine\CryAISystem\CAISystem.cpp,SendSignal(unsigned char cFilter  int nSignalId const char *szText  IAIObject *pSenderObject  IAISignalExtraData* pData),1299
CAISystem_SendSignal_HALFOFGROUP,CCCPOINT,None,.\Code\CryEngine\CryAISystem\CAISystem.cpp,SendSignal(unsigned char cFilter  int nSignalId const char *szText  IAIObject *pSenderObject  IAISignalExtraData* pData),905
CAISystem_SetLeader,CCCPOINT,None,.\Code\CryEngine\CryAISystem\CAISystem.cpp,SetLeader(IAIObject* pObject),1976
CAISystem_Update,CCCPOINT,None,.\Code\CryEngine\CryAISystem\CAISystem.cpp,Update(CTimeValue frameStartTime  float frameDeltaTime),2422
CAIVehicle_AlertPuppets_SignalVehicle,CCCPOINT,None,.\Code\CryEngine\CryAISystem\AIVehicle.cpp,AIActorSet& enabledAIActorsSet = GetAISystem()->GetEnabledAIActorSet();,903
CAIVehicle_Navigate,CCCPOINT,None,.\Code\CryEngine\CryAISystem\AIVehicle.cpp,Navigate(CAIObject *pTarget),752
CAIVehicle_Update,CCCPOINT,None,.\Code\CryEngine\CryAISystem\AIVehicle.cpp,Update(EObjectUpdate type),56
CActor_RagDollize,CCCPOINT,None,.\Code\Game03\GameDll\Actor.cpp,RagDollize( bool fallAndPlay ),1356
CCOPScript_Execute,CCCPOINT,None,.\Code\CryEngine\CryAISystem\GoalOp.cpp,Execute(CPipeUser* pPipeUser),2483
CFireCommandLob_EvaluateThisThrow,CCCPOINT,None,.\Code\CryEngine\CryAISystem\FireCommand.cpp,EvaluateThisThrow(const Vec3& targetPos  const Vec3& targetViewDir  const Vec3& dir  float vel ,549
CFollowerGroupTactic_CheckAndRemoveUnit,CCCPOINT,None,.\Code\CryEngine\CryAISystem\AIGroupTactic.cpp,CheckAndRemoveUnit(IAIObject* object),3783
CFollowerGroupTactic_Update,CCCPOINT,None,.\Code\CryEngine\CryAISystem\AIGroupTactic.cpp,Update(float dt),2641
CFollowerGroupTactic_UpdateUnit,CCCPOINT,None,.\Code\CryEngine\CryAISystem\AIGroupTactic.cpp,UpdateUnit(SUnit& unit  CAIActor* pTarget  float dt),2669
CFormation_FreeFormationPoint_i,CCCPOINT,None,.\Code\CryEngine\CryAISystem\Formation.cpp,FreeFormationPoint(int i),985
CFormation_GetClosestPointIndex,CCCPOINT,None,.\Code\CryEngine\CryAISystem\Formation.cpp,GetClosestPointIndex(CWeakRef<CAIActor> refRequester  bool bReserve int maxSize  int iClass  bool bCLosestToOwner ),823
CFormation_GetClosestPointIndex_A,CCCPOINT,None,.\Code\CryEngine\CryAISystem\Formation.cpp,Point_PointSq(pThisPoint->GetPos() basePos);,845
CFormation_GetFormationDummyTarget,CCCPOINT,None,.\Code\CryEngine\CryAISystem\Formation.cpp,GetFormationDummyTarget(CWeakRef<const CAIObject> refRequester) const,856
CFormation_GetNewFormationPoint,CCCPOINT,None,.\Code\CryEngine\CryAISystem\Formation.cpp,GetNewFormationPoint(CWeakRef<CAIActor> refRequester  int index),779
CFormation_GetNewFormationPoint_A,CCCPOINT,None,.\Code\CryEngine\CryAISystem\Formation.cpp,Point_PointSq(pThisPoint->GetPos()  requesterPos);,811
CFormation_GetPredictedPointPosition,CCCPOINT,None,.\Code\CryEngine\CryAISystem\Formation.cpp,GetPredictedPointPosition(CWeakRef<const CAIObject> refRequestor  const Vec3& ownerPos  const Vec3& ownerLookDir  Vec3 ownerMoveDir) const,1631
CFormation_InitFollowPoints,CCCPOINT,None,.\Code\CryEngine\CryAISystem\Formation.cpp,InitFollowPoints(const Vec3& vDirection),1077
CFormation_InitFollowPoints_A,CCCPOINT,None,.\Code\CryEngine\CryAISystem\Formation.cpp,InitFollowPoints(const Vec3& vDirection),1125
CFormation_InitWorldPosition,CCCPOINT,None,.\Code\CryEngine\CryAISystem\Formation.cpp,InitWorldPosition(Vec3 vDir),1002
CFormation_OnObjectRemoved,CCCPOINT,None,.\Code\CryEngine\CryAISystem\Formation.cpp,OnObjectRemoved(CAIObject* pAIObject),73
CFormation_OnObjectRemoved_A,CCCPOINT,None,.\Code\CryEngine\CryAISystem\Formation.cpp,Update(),379
CFormation_SetOffsetPointsPos,CCCPOINT,None,.\Code\CryEngine\CryAISystem\Formation.cpp,SetOffsetPointsPos(const Vec3& vMoveDir),1061
CFormation_SetPos,CCCPOINT,None,.\Code\CryEngine\CryAISystem\Formation.cpp,SetPos(Vec3 pos  const Vec3& startPos  bool force  bool bPlayerLeader),722
CFormation_SetScale,CCCPOINT,None,.\Code\CryEngine\CryAISystem\Formation.cpp,SetScale(float fScale),1564
CFormation_SetScale_NewPathMarker,CCCPOINT,None,.\Code\CryEngine\CryAISystem\Formation.cpp,SetScale(float fScale),1606
CFormation_Update,CCCPOINT,None,.\Code\CryEngine\CryAISystem\Formation.cpp,Update(),333
CFormation_Update_B,CCCPOINT,None,.\Code\CryEngine\CryAISystem\Formation.cpp,Update(),431
CFormation_Update_C,CCCPOINT,None,.\Code\CryEngine\CryAISystem\Formation.cpp,Update(),469
CFormation_Update_D,CCCPOINT,None,.\Code\CryEngine\CryAISystem\Formation.cpp,Update(),514
CFormation_Update_E,CCCPOINT,None,.\Code\CryEngine\CryAISystem\Formation.cpp,Update(),594
CFormation_Update_F,CCCPOINT,None,.\Code\CryEngine\CryAISystem\Formation.cpp,Update(),674
CGoalPipe_PopGoal_A,CCCPOINT,None,.\Code\CryEngine\CryAISystem\GoalPipe.cpp,PopGoal(QGoal& theGoal  CPipeUser *pOperand),785
CGoalPipe_PopGoal_B,CCCPOINT,None,.\Code\CryEngine\CryAISystem\GoalPipe.cpp,PopGoal(QGoal& theGoal  CPipeUser *pOperand),803
CGoalPipe_PopGoal_C,CCCPOINT,None,.\Code\CryEngine\CryAISystem\GoalPipe.cpp,PopGoal(QGoal& theGoal  CPipeUser *pOperand),812
CGoalPipe_PopGoal_D,CCCPOINT,None,.\Code\CryEngine\CryAISystem\GoalPipe.cpp,PopGoal(QGoal& theGoal  CPipeUser *pOperand),825
CGoalPipe_PopGoal_E,CCCPOINT,None,.\Code\CryEngine\CryAISystem\GoalPipe.cpp,PopGoal(QGoal& theGoal  CPipeUser *pOperand),842
CHumanGroupTactic_CheckAndRemoveUnit,CCCPOINT,None,.\Code\CryEngine\CryAISystem\AIGroupTactic.cpp,CheckAndRemoveUnit(IAIObject* object),1695
CHumanGroupTactic_Update,CCCPOINT,None,.\Code\CryEngine\CryAISystem\AIGroupTactic.cpp,Update(float dt),106
CHumanGroupTactic_UpdateAttackDirection,CCCPOINT,None,.\Code\CryEngine\CryAISystem\AIGroupTactic.cpp,UpdateAttackDirection(SAIGroupTeam& team  SUnit& unit),628
CLeaderAction_Attack_SwitchPositions_ANSS,CCCPOINT,None,.\Code\CryEngine\CryAISystem\LeaderAction.cpp,AssignNewShootSpot(CAIObject* pUnit  int index),1202
CLeaderAction_Attack_SwitchPositions_CLA_A_SP,CCCPOINT,None,.\Code\CryEngine\CryAISystem\LeaderAction.cpp,ProcessSignal(const AISIGNAL& signal),638
CLeaderAction_Attack_SwitchPositions_CheckNavType,CCCPOINT,None,.\Code\CryEngine\CryAISystem\LeaderAction.cpp,CheckNavType(CUnitImg& unit),704
CLeaderAction_Attack_SwitchPositions_CheckNavType_A,CCCPOINT,None,.\Code\CryEngine\CryAISystem\LeaderAction.cpp,CheckNavType(CUnitImg& unit),724
CLeaderAction_Attack_SwitchPositions_CheckNavType_B,CCCPOINT,None,.\Code\CryEngine\CryAISystem\LeaderAction.cpp,CheckNavType(CUnitImg& unit),739
CLeaderAction_Attack_SwitchPositions_CheckNavType_C,CCCPOINT,None,.\Code\CryEngine\CryAISystem\LeaderAction.cpp,CheckNavType(CUnitImg& unit),749
CLeaderAction_Attack_SwitchPositions_GFPWT,CCCPOINT,None,.\Code\CryEngine\CryAISystem\LeaderAction.cpp,GetFormationPointWithTarget(CUnitImg& unit),1766
CLeaderAction_Attack_SwitchPositions_GFPWT_A,CCCPOINT,None,.\Code\CryEngine\CryAISystem\LeaderAction.cpp,GetFormationPointWithTarget(CUnitImg& unit),1848
CLeaderAction_Attack_SwitchPositions_GFPWT_B,CCCPOINT,None,.\Code\CryEngine\CryAISystem\LeaderAction.cpp,Point_Point2D(unit.m_TagPoint pos);,1922
CLeaderAction_Attack_SwitchPositions_GFPWT_GotBeacon,CCCPOINT,None,.\Code\CryEngine\CryAISystem\LeaderAction.cpp,GetFormationPointWithTarget(CUnitImg& unit),1783
CLeaderAction_Attack_SwitchPositions_GetBaseDirection,CCCPOINT,None,.\Code\CryEngine\CryAISystem\LeaderAction.cpp,GetBaseDirection(CAIObject* pTarget  bool bUseTargetMoveDir),1947
CLeaderAction_Attack_SwitchPositions_GetBasesSearchPosition,CCCPOINT,None,.\Code\CryEngine\CryAISystem\LeaderAction.cpp,GetBaseSearchPosition(CUnitImg& unit  CAIObject* pTarget int method  float distance),2058
CLeaderAction_Attack_SwitchPositions_INTD,CCCPOINT,None,.\Code\CryEngine\CryAISystem\LeaderAction.cpp,InitNavTypeData(),680
CLeaderAction_Attack_SwitchPositions_ISAC,CCCPOINT,None,.\Code\CryEngine\CryAISystem\LeaderAction.cpp,IsSpecialActionConsidered(const CAIActor* pUnit  const CAIActor* pUnitLiveTarget) const,1251
CLeaderAction_Attack_SwitchPositions_ProcessSignal,CCCPOINT,None,.\Code\CryEngine\CryAISystem\LeaderAction.cpp,ProcessSignal(const AISIGNAL& signal),880
CLeaderAction_Attack_SwitchPositions_ProcessSignal_A,CCCPOINT,None,.\Code\CryEngine\CryAISystem\LeaderAction.cpp,ProcessSignal(const AISIGNAL& signal),886
CLeaderAction_Attack_SwitchPositions_ProcessSignal_B,CCCPOINT,None,.\Code\CryEngine\CryAISystem\LeaderAction.cpp,ProcessSignal(const AISIGNAL& signal),916
CLeaderAction_Attack_SwitchPositions_ProcessSignal_C,CCCPOINT,None,.\Code\CryEngine\CryAISystem\LeaderAction.cpp,ProcessSignal(const AISIGNAL& signal),942
CLeaderAction_Attack_SwitchPositions_ProcessSignal_D,CCCPOINT,None,.\Code\CryEngine\CryAISystem\LeaderAction.cpp,ProcessSignal(const AISIGNAL& signal),975
CLeaderAction_Attack_SwitchPositions_ProcessSignal_E,CCCPOINT,None,.\Code\CryEngine\CryAISystem\LeaderAction.cpp,ProcessSignal(const AISIGNAL& signal),999
CLeaderAction_Attack_SwitchPositions_ProcessSignal_F,CCCPOINT,None,.\Code\CryEngine\CryAISystem\LeaderAction.cpp,ProcessSignal(const AISIGNAL& signal),1020
CLeaderAction_Attack_SwitchPositions_ProcessSignal_G,CCCPOINT,None,.\Code\CryEngine\CryAISystem\LeaderAction.cpp,Point_PointSq(targetPos  pAIActor->GetPos());,1071
CLeaderAction_Attack_SwitchPositions_ProcessSignal_H,CCCPOINT,None,.\Code\CryEngine\CryAISystem\LeaderAction.cpp,Point_PointSq(targetPos  pAIActor->GetPos());,1117
CLeaderAction_Attack_SwitchPositions_ProcessSignal_I,CCCPOINT,None,.\Code\CryEngine\CryAISystem\LeaderAction.cpp,Point_PointSq(targetPos  pAIActor->GetPos());,1134
CLeaderAction_Attack_SwitchPositions_ProcessSignal_J,CCCPOINT,None,.\Code\CryEngine\CryAISystem\LeaderAction.cpp,Point_PointSq(targetPos  pAIActor->GetPos());,1167
CLeaderAction_Attack_SwitchPositions_ProcessSignal_K,CCCPOINT,None,.\Code\CryEngine\CryAISystem\LeaderAction.cpp,Point_PointSq(targetPos  pAIActor->GetPos());,1182
CLeaderAction_Attack_SwitchPositions_ProcessSignal_OCDT,CCCPOINT,None,.\Code\CryEngine\CryAISystem\LeaderAction.cpp,Point_PointSq(targetPos  pAIActor->GetPos());,1076
CLeaderAction_Attack_SwitchPositions_Update,CCCPOINT,None,.\Code\CryEngine\CryAISystem\LeaderAction.cpp,Point_PointSq(pTarget->GetPos() pUnit->GetPos());,1386
CLeaderAction_Attack_SwitchPositions_UpdatePointList,CCCPOINT,None,.\Code\CryEngine\CryAISystem\LeaderAction.cpp,const_iterator itEnd = queryEvents.end();,827
CLeaderAction_Attack_SwitchPositions_UpdatePointList_A,CCCPOINT,None,.\Code\CryEngine\CryAISystem\LeaderAction.cpp,const_iterator itEnd = queryEvents.end();,850
CLeaderAction_Attack_SwitchPositions_UpdatePointList_B,CCCPOINT,None,.\Code\CryEngine\CryAISystem\LeaderAction.cpp,const_iterator itEnd = queryEvents.end();,855
CLeaderAction_Attack_SwitchPositions_UpdateSpecialActions_A,CCCPOINT,None,.\Code\CryEngine\CryAISystem\LeaderAction.cpp,UpdateSpecialActions(),1289
CLeaderAction_Attack_SwitchPositions_UpdateSpecialActions_B,CCCPOINT,None,.\Code\CryEngine\CryAISystem\LeaderAction.cpp,UpdateSpecialActions(),1301
CLeaderAction_Attack_SwitchPositions_UpdateSpecialActions_C,CCCPOINT,None,.\Code\CryEngine\CryAISystem\LeaderAction.cpp,Point_PointSq(pTarget->GetPos() pUnit->GetPos());,1340
CLeaderAction_Attack_SwitchPositions_UpdateSpecialActions_D,CCCPOINT,None,.\Code\CryEngine\CryAISystem\LeaderAction.cpp,Point_PointSq(pTarget->GetPos() pUnit->GetPos());,1362
CLeaderAction_Attack_SwitchPositions_Update_A,CCCPOINT,None,.\Code\CryEngine\CryAISystem\LeaderAction.cpp,Point_PointSq(otherPos targetPos);,1465
CLeaderAction_CheckLeaderDistance,CCCPOINT,None,.\Code\CryEngine\CryAISystem\LeaderAction.cpp,CheckLeaderDistance() const,218
CLeaderAction_CheckNavType,CCCPOINT,None,.\Code\CryEngine\CryAISystem\LeaderAction.cpp,CheckNavType(CAIActor* pMember  bool bSignal),159
CLeaderAction_ClearUnitFlags,CCCPOINT,None,.\Code\CryEngine\CryAISystem\LeaderAction.cpp,ClearUnitFlags(),95
CLeaderAction_IsUnitAvailable,CCCPOINT,None,.\Code\CryEngine\CryAISystem\LeaderAction.cpp,IsUnitAvailable(const CUnitImg& unit) const,106
CLeaderAction_IsUnitTooFar,CCCPOINT,None,.\Code\CryEngine\CryAISystem\LeaderAction.cpp,IsUnitTooFar(const CUnitImg &tUnit const Vec3 &vPos) const,85
CLeaderAction_PopulateSearchSpotList,CCCPOINT,None,.\Code\CryEngine\CryAISystem\LeaderAction.cpp,PopulateSearchSpotList(Vec3& initPos),303
CLeaderAction_Search_Update_A,CCCPOINT,None,.\Code\CryEngine\CryAISystem\LeaderAction.cpp,ProcessSignal(const AISIGNAL& signal),550
CLeaderAction_Search_Update_B,CCCPOINT,None,.\Code\CryEngine\CryAISystem\LeaderAction.cpp,ProcessSignal(const AISIGNAL& signal),580
CLeaderAction_SetTeamNavProperties,CCCPOINT,None,.\Code\CryEngine\CryAISystem\LeaderAction.cpp,SetTeamNavProperties(),178
CLeaderAction_UpdateBeacon,CCCPOINT,None,.\Code\CryEngine\CryAISystem\LeaderAction.cpp,UpdateBeacon() const,202
CLeader_AbortExecution,CCCPOINT,None,.\Code\CryEngine\CryAISystem\Leader.cpp,GetPreferedPos() const,377
CLeader_AssignFormationPoint,CCCPOINT,None,.\Code\CryEngine\CryAISystem\Leader.cpp,AssignFormationPoint(CUnitImg& unit  int teamSize  bool bAnyClass  bool bClosestToOwner ),879
CLeader_AssignFormationPointIndex,CCCPOINT,None,.\Code\CryEngine\CryAISystem\Leader.cpp,AssignFormationPointIndex(CUnitImg& unit  int index ),917
CLeader_AssignFormationPoints,CCCPOINT,None,.\Code\CryEngine\CryAISystem\Leader.cpp,AssignFormationPoints(bool bIncludeLeader  uint32 unitProp),762
CLeader_AssignFormationPoints_A,CCCPOINT,None,.\Code\CryEngine\CryAISystem\Leader.cpp,Point_PointSq(pPoint->GetPos()  endPos);,838
CLeader_AssignFormationPoints_B,CCCPOINT,None,.\Code\CryEngine\CryAISystem\Leader.cpp,Point_PointSq(pPoint->GetPos()  endPos);,861
CLeader_ClearAllPlannings,CCCPOINT,None,.\Code\CryEngine\CryAISystem\Leader.cpp,GetPreferedPos() const,397
CLeader_GetPreferedPos,CCCPOINT,None,.\Code\CryEngine\CryAISystem\Leader.cpp,GetPreferedPos() const,106
CLeader_LeaderCreateFormation,CCCPOINT,None,.\Code\CryEngine\CryAISystem\Leader.cpp,numeric_limits<float>,621
CLeader_ProcessSignal,CCCPOINT,None,.\Code\CryEngine\CryAISystem\Leader.cpp,GetPreferedPos() const,218
CLeader_ProcessSignal_ScaleFormation,CCCPOINT,None,.\Code\CryEngine\CryAISystem\Leader.cpp,GetPreferedPos() const,249
CLeader_SetAssociation,CCCPOINT,None,.\Code\CryEngine\CryAISystem\Leader.cpp,SetAssociation(CWeakRef<CAIObject> refAssociation),64
CLeader_Update,CCCPOINT,None,.\Code\CryEngine\CryAISystem\Leader.cpp,GetPreferedPos() const,139
CLeader_UpdateEnemyStats,CCCPOINT,None,.\Code\CryEngine\CryAISystem\Leader.cpp,UpdateEnemyStats(),513
CLeader_Update_A,CCCPOINT,None,.\Code\CryEngine\CryAISystem\Leader.cpp,GetPreferedPos() const,182
COPAcqTarget_Execute,CCCPOINT,None,.\Code\CryEngine\CryAISystem\GoalOp.cpp,Execute(CPipeUser* pPipeUser),200
COPAdjustAim_Execute,CCCPOINT,None,.\Code\CryEngine\CryAISystem\GoalOp.cpp,Execute( CPipeUser* pPipeUser ),5691
COPApproach_COPApproach,CCCPOINT,None,.\Code\CryEngine\CryAISystem\GoalOp.cpp,Execute(CPipeUser* pPipeUser),230
COPApproach_Execute,CCCPOINT,None,.\Code\CryEngine\CryAISystem\GoalOp.cpp,Execute(CPipeUser* pPipeUser),276
COPBackoff_Execute,CCCPOINT,None,.\Code\CryEngine\CryAISystem\GoalOp.cpp,Execute(CPipeUser* pPipeUser),1084
COPCharge_Execute,CCCPOINT,None,.\Code\CryEngine\CryAISystem\GameSpecific\GoalOp_G02.cpp,Execute(CPipeUser *pOperand),133
COPCrysis2AdjustAim_Execute,CCCPOINT,None,.\Code\CryEngine\CryAISystem\GameSpecific\GoalOp_Crysis2.cpp,Execute( CPipeUser* pPipeUser ),1174
COPCrysis2Hide_CreateHideTarget,CCCPOINT,None,.\Code\CryEngine\CryAISystem\GameSpecific\GoalOp_Crysis2.cpp,CreateHideTarget(const Vec3& pos  const Vec3& dir),1812
COPCrysis2Hide_Execute,CCCPOINT,None,.\Code\CryEngine\CryAISystem\GameSpecific\GoalOp_Crysis2.cpp,Execute(CPipeUser* pPipeUser),1504
COPCrysis2Hide_ExecuteDry,CCCPOINT,None,.\Code\CryEngine\CryAISystem\GameSpecific\GoalOp_Crysis2.cpp,ExecuteDry(CPipeUser* pPipeUser),1736
COPCrysis2Hide_Execute_A,CCCPOINT,None,.\Code\CryEngine\CryAISystem\GameSpecific\GoalOp_Crysis2.cpp,Execute(CPipeUser* pPipeUser),1677
COPCrysis2Hide_Execute_B,CCCPOINT,None,.\Code\CryEngine\CryAISystem\GameSpecific\GoalOp_Crysis2.cpp,Execute(CPipeUser* pPipeUser),1690
COPCrysis2Hide_Execute_HideObject,CCCPOINT,None,.\Code\CryEngine\CryAISystem\GameSpecific\GoalOp_Crysis2.cpp,Execute(CPipeUser* pPipeUser),1549
COPCrysis2Hide_Execute_NoHideTarget,CCCPOINT,None,.\Code\CryEngine\CryAISystem\GameSpecific\GoalOp_Crysis2.cpp,Execute(CPipeUser* pPipeUser),1510
COPCrysis2Hide_Execute_RefPoint,CCCPOINT,None,.\Code\CryEngine\CryAISystem\GameSpecific\GoalOp_Crysis2.cpp,Execute(CPipeUser* pPipeUser),1516
COPCrysis2Hide_Execute_Unreachable,CCCPOINT,None,.\Code\CryEngine\CryAISystem\GameSpecific\GoalOp_Crysis2.cpp,Execute(CPipeUser* pPipeUser),1651
COPCrysis2Hide_Reset,CCCPOINT,None,.\Code\CryEngine\CryAISystem\GameSpecific\GoalOp_Crysis2.cpp,Reset(CPipeUser* pPipeUser),1744
COPDodge_Execute,CCCPOINT,None,.\Code\CryEngine\CryAISystem\GoalOp.cpp,Execute(CPipeUser* pPipeUser),6454
COPFireCmd_Execute,CCCPOINT,None,.\Code\CryEngine\CryAISystem\GoalOp.cpp,Execute(CPipeUser* pPipeUser),1545
COPFollowPath_Execute,CCCPOINT,None,.\Code\CryEngine\CryAISystem\GoalOp.cpp,Execute(CPipeUser* pPipeUser),724
COPFollowPath_ExecuteDry,CCCPOINT,None,.\Code\CryEngine\CryAISystem\GoalOp.cpp,ExecuteDry(CPipeUser* pPipeUser),899
COPFollowPath_Execute_A,CCCPOINT,None,.\Code\CryEngine\CryAISystem\GoalOp.cpp,Execute(CPipeUser* pPipeUser),732
COPFollowPath_Execute_B,CCCPOINT,None,.\Code\CryEngine\CryAISystem\GoalOp.cpp,Execute(CPipeUser* pPipeUser),748
COPFollowPath_Execute_C,CCCPOINT,None,.\Code\CryEngine\CryAISystem\GoalOp.cpp,Execute(CPipeUser* pPipeUser),767
COPFollowPath_Execute_D,CCCPOINT,None,.\Code\CryEngine\CryAISystem\GoalOp.cpp,Execute(CPipeUser* pPipeUser),836
COPFollowPath_Execute_Stuck,CCCPOINT,None,.\Code\CryEngine\CryAISystem\GoalOp.cpp,Execute(CPipeUser* pPipeUser),808
COPFollowPath_Reset,CCCPOINT,None,.\Code\CryEngine\CryAISystem\GoalOp.cpp,Reset(CPipeUser* pPipeUser),640
COPHide_CreateHideTarget,CCCPOINT,None,.\Code\CryEngine\CryAISystem\GoalOp.cpp,CreateHideTarget(string sName  const Vec3 &vPos),2981
COPHide_Execute,CCCPOINT,None,.\Code\CryEngine\CryAISystem\GoalOp.cpp,Execute(CPipeUser* pPipeUser),2530
COPHide_ExecuteDry,CCCPOINT,None,.\Code\CryEngine\CryAISystem\GoalOp.cpp,ExecuteDry(CPipeUser* pPipeUser),2806
COPHide_Execute_A,CCCPOINT,None,.\Code\CryEngine\CryAISystem\GoalOp.cpp,Execute(CPipeUser* pPipeUser),2754
COPHide_Execute_B,CCCPOINT,None,.\Code\CryEngine\CryAISystem\GoalOp.cpp,Execute(CPipeUser* pPipeUser),2772
COPHide_Execute_NoHideTarget,CCCPOINT,None,.\Code\CryEngine\CryAISystem\GoalOp.cpp,Execute(CPipeUser* pPipeUser),2559
COPHide_Execute_SO,CCCPOINT,None,.\Code\CryEngine\CryAISystem\GoalOp.cpp,Execute(CPipeUser* pPipeUser),2534
COPHide_Execute_Unreachable,CCCPOINT,None,.\Code\CryEngine\CryAISystem\GoalOp.cpp,Execute(CPipeUser* pPipeUser),2740
COPHide_Execute_UserRefPoint,CCCPOINT,None,.\Code\CryEngine\CryAISystem\GoalOp.cpp,Execute(CPipeUser* pPipeUser),2591
COPHide_IsBadHiding,CCCPOINT,None,.\Code\CryEngine\CryAISystem\GoalOp.cpp,IsBadHiding(CPipeUser* pPipeUser),2814
COPHide_Reset,CCCPOINT,None,.\Code\CryEngine\CryAISystem\GoalOp.cpp,Reset(CPipeUser* pPipeUser),2902
COPLocate_Execute,CCCPOINT,None,.\Code\CryEngine\CryAISystem\GoalOp.cpp,Execute(CPipeUser* pPipeUser),2355
COPLocate_Execute_A,CCCPOINT,None,.\Code\CryEngine\CryAISystem\GoalOp.cpp,Execute(CPipeUser* pPipeUser),2382
COPLook_Execute,CCCPOINT,None,.\Code\CryEngine\CryAISystem\GoalOp.cpp,Execute(CPipeUser* pPipeUser),3594
COPMoveTowards_Execute,CCCPOINT,None,.\Code\CryEngine\CryAISystem\GoalOp.cpp,Execute(CPipeUser* pPipeUser),6168
COPPathFind_Execute,CCCPOINT,None,.\Code\CryEngine\CryAISystem\GoalOp.cpp,Execute(CPipeUser* pPipeUser),2246
COPPathFind_Execute_RequestPath,CCCPOINT,None,.\Code\CryEngine\CryAISystem\GoalOp.cpp,Execute(CPipeUser* pPipeUser),2276
COPPathFind_Reset,CCCPOINT,None,.\Code\CryEngine\CryAISystem\GoalOp.cpp,Reset(CPipeUser* pPipeUser),2235
COPProximity_Execute,CCCPOINT,None,.\Code\CryEngine\CryAISystem\GoalOp.cpp,Execute(CPipeUser* pPipeUser),5949
COPProximity_Execute_NotValid,CCCPOINT,None,.\Code\CryEngine\CryAISystem\GoalOp.cpp,Execute(CPipeUser* pPipeUser),5953
COPProximity_Execute_Trigger,CCCPOINT,None,.\Code\CryEngine\CryAISystem\GoalOp.cpp,Point_PointSq(pTarget->GetPos()  pProxObject->GetPos()) :,5984
COPSeekCover_Execute,CCCPOINT,None,.\Code\CryEngine\CryAISystem\GameSpecific\GoalOp_G02.cpp,Execute(CPipeUser* pOperand),1130
COPSignal_Execute,CCCPOINT,None,.\Code\CryEngine\CryAISystem\GoalOp.cpp,Execute(CPipeUser* pPipeUser),2416
COPStick_Execute,CCCPOINT,None,.\Code\CryEngine\CryAISystem\GoalOpStick.cpp,Execute(CPipeUser* pPipeUser),663
COPStick_Execute_TargetRemoved,CCCPOINT,None,.\Code\CryEngine\CryAISystem\GoalOpStick.cpp,Execute(CPipeUser* pPipeUser),671
COPTrace_Destructor,CCCPOINT,None,.\Code\CryEngine\CryAISystem\GoalOpTrace.cpp,~COPTrace(),96
COPTrace_Execute,CCCPOINT,None,.\Code\CryEngine\CryAISystem\GoalOpTrace.cpp,Execute(CPipeUser* pPipeUser),232
COPTrace_ExecutePathFollower,CCCPOINT,None,.\Code\CryEngine\CryAISystem\GoalOpTrace.cpp,ExecutePathFollower(CPipeUser* pPipeUser  bool fullUpdate  IPathFollower* pPathFollower),704
COPTrace_ExecutePreamble,CCCPOINT,None,.\Code\CryEngine\CryAISystem\GoalOpTrace.cpp,ExecutePreamble(CPipeUser* pPipeUser),574
COPTrace_Reset,CCCPOINT,None,.\Code\CryEngine\CryAISystem\GoalOpTrace.cpp,Reset(CPipeUser* pPipeUser),121
COPTrace_Reset_A,CCCPOINT,None,.\Code\CryEngine\CryAISystem\GoalOpTrace.cpp,Reset(CPipeUser* pPipeUser),128
COPWaitSignal_NotifySignalReceived,CCCPOINT,None,.\Code\CryEngine\CryAISystem\GoalOp.cpp,NotifySignalReceived( CAIObject* pPipeUser  const char* szText  IAISignalExtraData* pData ),4200
CObstacleRef_GetPos,CCCPOINT,None,.\Code\CryEngine\CryAISystem\Graph.cpp,GetPos() const,58
CPipeUser_CPipeUser,CCCPOINT,None,.\Code\CryEngine\CryAISystem\PipeUser.cpp,CPipeUser(),81
CPipeUser_Destructor,CCCPOINT,None,.\Code\CryEngine\CryAISystem\PipeUser.cpp,~CPipeUser(void),95
CPipeUser_GetBranchCondition_IF_CAN_SHOOT_TARGET,CCCPOINT,None,.\Code\CryEngine\CryAISystem\PipeUser.cpp,GetBranchCondition(QGoal& Goal),486
CPipeUser_GetBranchCondition_IF_COVER_COMPROMISED,CCCPOINT,None,.\Code\CryEngine\CryAISystem\PipeUser.cpp,Point_Point(GetPos()  pathDest);,599
CPipeUser_GetBranchCondition_IF_EXPOSED_TO_TARGET,CCCPOINT,None,.\Code\CryEngine\CryAISystem\PipeUser.cpp,GetBranchCondition(QGoal& Goal),434
CPipeUser_GetBranchCondition_IF_NO_ENEMY_TARGET,CCCPOINT,None,.\Code\CryEngine\CryAISystem\PipeUser.cpp,Point_Point(pLastPipe->GetAttTargetPosAtStart()  pAttentionTarget->GetPos()) > Goal.params.fValue;,551
CPipeUser_GetBranchCondition_IF_SEES_TARGET,CCCPOINT,None,.\Code\CryEngine\CryAISystem\PipeUser.cpp,GetBranchCondition(QGoal& Goal),396
CPipeUser_GetBranchCondition_IF_TARGET_A,CCCPOINT,None,.\Code\CryEngine\CryAISystem\PipeUser.cpp,GetBranchCondition(QGoal& Goal),504
CPipeUser_GetBranchCondition_IF_TARGET_MOVED,CCCPOINT,None,.\Code\CryEngine\CryAISystem\PipeUser.cpp,Point_Point(vPos  vTargetPos);,541
CPipeUser_GetLooseAttentionPos,CCCPOINT,None,.\Code\CryEngine\CryAISystem\PipeUser.cpp,GetLooseAttentionPos(),2410
CPipeUser_GetOrCreateSpecialAIObject,CCCPOINT,None,.\Code\CryEngine\CryAISystem\PipeUser.cpp,GetOrCreateSpecialAIObject(ESpecialAIObjects type),2887
CPipeUser_GetProbableTargetPosition,CCCPOINT,None,.\Code\CryEngine\CryAISystem\PipeUser.cpp,GetProbableTargetPosition(),2780
CPipeUser_GetSpecialAIObject,CCCPOINT,None,.\Code\CryEngine\CryAISystem\PipeUser.cpp,GetSpecialAIObject(const char* objName  float range),2429
CPipeUser_GetSpecialAIObject_A,CCCPOINT,None,.\Code\CryEngine\CryAISystem\PipeUser.cpp,GetSpecialAIObject(const char* objName  float range),2491
CPipeUser_GetSpecialAIObject_hidepoint_lastop,CCCPOINT,None,.\Code\CryEngine\CryAISystem\PipeUser.cpp,GetSpecialAIObject(const char* objName  float range),2603
CPipeUser_GetbranchCondition_IF_CAN_SHOOT_TARGET_CROUCHED,CCCPOINT,None,.\Code\CryEngine\CryAISystem\PipeUser.cpp,GetBranchCondition(QGoal& Goal),460
CPipeUser_GetbranchCondition_IF_CAN_SHOOT_TARGET_PRONED,CCCPOINT,None,.\Code\CryEngine\CryAISystem\PipeUser.cpp,GetBranchCondition(QGoal& Goal),451
CPipeUser_GetbranchCondition_IF_CAN_SHOOT_TARGET_STANDING,CCCPOINT,None,.\Code\CryEngine\CryAISystem\PipeUser.cpp,GetBranchCondition(QGoal& Goal),469
CPipeUser_InsertSubPipe_A,CCCPOINT,None,.\Code\CryEngine\CryAISystem\PipeUser.cpp,iterator itFind = m_notAllowedSubpipes.find( goalPipeId );,2178
CPipeUser_InsertSubPipe_End,CCCPOINT,None,.\Code\CryEngine\CryAISystem\PipeUser.cpp,iterator itFind = m_notAllowedSubpipes.find( goalPipeId );,2227
CPipeUser_InsertSubPipe_IsInSubpipe,CCCPOINT,None,.\Code\CryEngine\CryAISystem\PipeUser.cpp,iterator itFind = m_notAllowedSubpipes.find( goalPipeId );,2151
CPipeUser_InsertSubPipe_NotAllowed,CCCPOINT,None,.\Code\CryEngine\CryAISystem\PipeUser.cpp,iterator itFind = m_notAllowedSubpipes.find( goalPipeId );,2105
CPipeUser_InsertSubPipe_Unblock,CCCPOINT,None,.\Code\CryEngine\CryAISystem\PipeUser.cpp,iterator itFind = m_notAllowedSubpipes.find( goalPipeId );,2207
CPipeUser_RequestPathTo,CCCPOINT,None,.\Code\CryEngine\CryAISystem\PipeUser.cpp,RequestPathTo(,1750
CPipeUser_Reset,CCCPOINT,None,.\Code\CryEngine\CryAISystem\PipeUser.cpp,Reset(EObjectResetType type),181
CPipeUser_SelectPipe_A,CCCPOINT,None,.\Code\CryEngine\CryAISystem\PipeUser.cpp,SelectPipe(int mode  const char *name  CWeakRef<CAIObject> refArgument  int goalPipeId  bool resetAlways),1885
CPipeUser_SelectPipe_B,CCCPOINT,None,.\Code\CryEngine\CryAISystem\PipeUser.cpp,SelectPipe(int mode  const char *name  CWeakRef<CAIObject> refArgument  int goalPipeId  bool resetAlways),1905
CPipeUser_SelectPipe_End,CCCPOINT,None,.\Code\CryEngine\CryAISystem\PipeUser.cpp,SelectPipe(int mode  const char *name  CWeakRef<CAIObject> refArgument  int goalPipeId  bool resetAlways),1968
CPipeUser_Serialize,CCCPOINT,None,.\Code\CryEngine\CryAISystem\PipeUser.cpp,Serialize(TSerialize ser  class CObjectTracker& objectTracker),2951
CPipeUser_SetAttentionTarget,CCCPOINT,None,.\Code\CryEngine\CryAISystem\PipeUser.cpp,SetAttentionTarget(CWeakRef<CAIObject> refTarget),1708
CPipeUser_SetLookAtDir,CCCPOINT,None,.\Code\CryEngine\CryAISystem\PipeUser.cpp,SetLookAtDir( const Vec3& dir  bool priority ),2339
CPipeUser_SetLookAtPoint,CCCPOINT,None,.\Code\CryEngine\CryAISystem\PipeUser.cpp,SetLookAtPointPos( const Vec3& point  bool priority ),2312
CPipeUser_SetName,CCCPOINT,None,.\Code\CryEngine\CryAISystem\PipeUser.cpp,SetName(const char* pName),263
CPipeUser_SetRefPointPos,CCCPOINT,None,.\Code\CryEngine\CryAISystem\PipeUser.cpp,SetRefPointPos( const Vec3& pos ),3730
CPipeUser_SetRefPointPos_Dir,CCCPOINT,None,.\Code\CryEngine\CryAISystem\PipeUser.cpp,SetRefPointPos( const Vec3& pos  const Vec3& dir ),3760
CPuppet_AddNavigationBlockers,CCCPOINT,None,.\Code\CryEngine\CryAISystem\Puppet.cpp,GetPathAgentNavigationBlockers(NavigationBlockers &navigationBlockers  const struct PathfindRequest *pRequest),5338
CPuppet_AdjustSpeed,CCCPOINT,None,.\Code\CryEngine\CryAISystem\Puppet.cpp,AdjustSpeed(CAIObject* pNavTarget  float distance),5020
CPuppet_CPuppet,CCCPOINT,None,.\Code\CryEngine\CryAISystem\Puppet.cpp,CPuppet(),269
CPuppet_CanDamageTarget,CCCPOINT,None,.\Code\CryEngine\CryAISystem\PuppetRateOfDeath.cpp,CanDamageTarget(),525
CPuppet_ChooseMissPoint_Deprecated,CCCPOINT,None,.\Code\CryEngine\CryAISystem\PuppetPhys.cpp,ChooseMissPoint_Deprecated(const Vec3 &vTargetPos) const,684
CPuppet_Destructor,CCCPOINT,None,.\Code\CryEngine\CryAISystem\Puppet.cpp,~CPuppet(),287
CPuppet_Devalue,CCCPOINT,None,.\Code\CryEngine\CryAISystem\Puppet.cpp,Devalue(IAIObject *pObject  bool bDevaluePuppets  float	fAmount),1959
CPuppet_Event_Clear,CCCPOINT,None,.\Code\CryEngine\CryAISystem\PipeUser.cpp,Event(unsigned short int eType  SAIEVENT* pAIEvent),128
CPuppet_FindHidePoint,CCCPOINT,None,.\Code\CryEngine\CryAISystem\Puppet.cpp,FindHidePoint(float searchDistance  const Vec3 &hideFrom  int nMethod ,2949
CPuppet_FireCommand,CCCPOINT,None,.\Code\CryEngine\CryAISystem\Puppet.cpp,FireCommand(float updateTime),3620
CPuppet_GetFireTargetObject,CCCPOINT,None,.\Code\CryEngine\CryAISystem\Puppet.cpp,GetFireTargetObject() const,3600
CPuppet_GetLiveTarget,CCCPOINT,None,.\Code\CryEngine\CryAISystem\AIActor.cpp,GetLiveTarget(const CWeakRef<CAIObject> refTarget),2504
CPuppet_GetTargetAliveTime,CCCPOINT,None,.\Code\CryEngine\CryAISystem\PuppetRateOfDeath.cpp,GetTargetAliveTime(),34
CPuppet_GetTargetAliveTime_A,CCCPOINT,None,.\Code\CryEngine\CryAISystem\PuppetRateOfDeath.cpp,GetTargetAliveTime(),124
CPuppet_HandleWeaponEffectBurstSnipe,CCCPOINT,None,.\Code\CryEngine\CryAISystem\Puppet.cpp,HandleWeaponEffectBurstSnipe(CAIObject* pTarget  Vec3& aimTarget  bool& canFire),4296
CPuppet_MakeMeLeader,CCCPOINT,None,.\Code\CryEngine\CryAISystem\Puppet.cpp,MakeMeLeader(),4987
CPuppet_ParseParameters,CCCPOINT,None,.\Code\CryEngine\CryAISystem\Puppet.cpp,ParseParameters(const AIObjectParams &params  bool bParseMovementParams),414
CPuppet_SetAvoidedVehicle_Reset,CCCPOINT,None,.\Code\CryEngine\CryAISystem\Puppet.h,notChecked,832
CPuppet_Update,CCCPOINT,None,.\Code\CryEngine\CryAISystem\Puppet.cpp,Update(EObjectUpdate type),488
CPuppet_UpdateBeacon,CCCPOINT,None,.\Code\CryEngine\CryAISystem\Puppet.cpp,UpdateBeacon(),5250
CPuppet_UpdateHealthTracking,CCCPOINT,None,.\Code\CryEngine\CryAISystem\PuppetRateOfDeath.cpp,UpdateHealthTracking(),144
CPuppet_UpdateLookTarget,CCCPOINT,None,.\Code\CryEngine\CryAISystem\Puppet.cpp,UpdateLookTarget(CAIObject *pTarget),1537
CPuppet_UpdatePuppetInternalState,CCCPOINT,None,.\Code\CryEngine\CryAISystem\Puppet.cpp,UpdatePuppetInternalState(),1145
CPuppet_UpdatePuppetInternalState_DevaluedPoints,CCCPOINT,None,.\Code\CryEngine\CryAISystem\Puppet.cpp,UpdatePuppetInternalState(),1314
CPuppet_UpdateTargetTracking,CCCPOINT,None,.\Code\CryEngine\CryAISystem\PuppetRateOfDeath.cpp,UpdateTargetTracking(CWeakRef<CAIObject> refTarget  const Vec3& vTargetPos),332
CRecordingSystem_StartPlayback,CCCPOINT,None,.\Code\Game03\GameDll\RecordingSystem.cpp,StartPlayback(EntityId killer  EntityId victim  EntityId projectileId  int hitType  Vec3 impulse  float deathTime  bool bulletTimeKill  const char* sBulletGeomName),1012
CRecordingSystem_StopPlayback,CCCPOINT,None,.\Code\Game03\GameDll\RecordingSystem.cpp,StopPlayback(),1419
CScriptBind_AI_AutoDisable,CCCPOINT,None,.\Code\CryEngine\CryAISystem\ScriptBind_AI.cpp,AutoDisable(IFunctionHandler *pH),10284
CScriptBind_AI_GetAnchor,CCCPOINT,None,.\Code\CryEngine\CryAISystem\ScriptBind_AI.cpp,GetAnchor(IFunctionHandler * pH),3895
CScriptBind_AI_GetAttentionTargetEntity,CCCPOINT,None,.\Code\CryEngine\CryAISystem\ScriptBind_AI.cpp,GetAttentionTargetEntity(IFunctionHandler * pH),5385
CScriptBind_AI_GetAttentionTargetEntity_A,CCCPOINT,None,.\Code\CryEngine\CryAISystem\ScriptBind_AI.cpp,GetAttentionTargetEntity(IFunctionHandler * pH),5408
CScriptBind_AI_GetGroupSpatialProperties,CCCPOINT,None,.\Code\CryEngine\CryAISystem\ScriptBind_AI.cpp,GetGroupSpatialProperties(IAIObject* pAI  float& offset  Vec3& avgGroupPos  Vec3& targetPos  Vec3& dirToTarget  Vec3& normToTarget),9481
CScriptBind_AI_IsLowOnAmmo,CCCPOINT,None,.\Code\CryEngine\CryAISystem\ScriptBind_AI.cpp,IsLowOnAmmo(IFunctionHandler *pH),10151
CScriptBind_AI_IsOutOfAmmo,CCCPOINT,None,.\Code\CryEngine\CryAISystem\ScriptBind_AI.cpp,IsOutOfAmmo(IFunctionHandler *pH),10114
CScriptBind_AI_PlayReadabilitySound,CCCPOINT,None,.\Code\CryEngine\CryAISystem\ScriptBind_AI.cpp,PlayReadabilitySound(IFunctionHandler *pH),10017
CScriptbind_AI_CanJumpToPoint,CCCPOINT,None,.\Code\CryEngine\CryAISystem\Scriptbind_AI_G02.cpp,CanJumpToPoint(IFunctionHandler * pH),1146
CScriptbind_AI_EvalPeek,CCCPOINT,None,.\Code\CryEngine\CryAISystem\ScriptBind_AI.cpp,InvalidateHidespot(IFunctionHandler *pH),7211
CScriptbind_AI_ResetParameters,CCCPOINT,None,.\Code\CryEngine\CryAISystem\ScriptBind_AI.cpp,ResetParameters(IFunctionHandler *pH),2085
CSmartObject_MeasureUserSize,CCCPOINT,None,.\Code\CryEngine\CryAISystem\SmartObjects.cpp,MeasureUserSize() const,4778
CThrow_ReplayShoot,CCCPOINT,None,.\Code\Game03\GameDll\Throw.cpp,ReplayShoot(),597
CUnitImg_CUnitImg,CCCPOINT,None,.\Code\CryEngine\CryAISystem\UnitImg.cpp,unknown,60
CUnitImg_ExecuteTask,CCCPOINT,None,.\Code\CryEngine\CryAISystem\UnitImg.cpp,~CUnitImg(),105
CUnitImg_TaskExecuted,CCCPOINT,None,.\Code\CryEngine\CryAISystem\UnitImg.cpp,~CUnitImg(),83
CUnitImg_TaskExecuted_A,CCCPOINT,None,.\Code\CryEngine\CryAISystem\UnitImg.cpp,~CUnitImg(),137
Camera_DoShake,CCCPOINT,None,.\Code\Game03\GameDll\ScreenEffects.cpp,CamShake(Vec3 rotateShake  Vec3 shiftShake  float freq  float shakeTime  float randomness  int shakeID),126
CaptureObjective_RemoveIcon,CCCPOINT,None,.\Code\Game03\GameDll\GameRulesModules\GameRulesCaptureObjective.cpp,CallEvent(hudevent);,220
CaptureObjective_SetNewIcon,CCCPOINT_IF,requestedIcon != pCaptureEntity->m_currentIcon,.\Code\Game03\GameDll\GameRulesModules\GameRulesCaptureObjective.cpp,UpdateIcon(SHoldEntityDetails * pDetails  bool force),194
CaptureObjective_SiteCapturedByEnemyTeam,CCCPOINT,None,.\Code\Game03\GameDll\GameRulesModules\GameRulesCaptureObjective.cpp,ClSiteCaptured( SHoldEntityDetails *pDetails ),690
CaptureObjective_SiteCapturedByFriendlyTeam,CCCPOINT,None,.\Code\Game03\GameDll\GameRulesModules\GameRulesCaptureObjective.cpp,ClSiteCaptured( SHoldEntityDetails *pDetails ),681
CaptureObjective_SiteStartCapturingByEnemyTeam,CCCPOINT,None,.\Code\Game03\GameDll\GameRulesModules\GameRulesCaptureObjective.cpp,SiteStartCapturing(SHoldEntityDetails *pDetails  int teamId),524
CaptureObjective_SiteStartCapturingByFriendlyTeam,CCCPOINT,None,.\Code\Game03\GameDll\GameRulesModules\GameRulesCaptureObjective.cpp,SiteStartCapturing(SHoldEntityDetails *pDetails  int teamId),519
CarryHelper_LocalPlayerEnterArea,CCCPOINT_IF,isLocalActor,.\Code\Game03\GameDll\GameRulesModules\GameRulesObjectiveHelper_Carry.cpp,OnEvent( IEntity *pEntity  SEntityEvent &event ),795
CarryHelper_LocalPlayerLeaveArea,CCCPOINT,None,.\Code\Game03\GameDll\GameRulesModules\GameRulesObjectiveHelper_Carry.cpp,OnEvent( IEntity *pEntity  SEntityEvent &event ),872
CarryHelper_LocallyPickupableEntityIsNowNull,CCCPOINT,None,.\Code\Game03\GameDll\GameRulesModules\GameRulesObjectiveHelper_Carry.cpp,OnEvent( IEntity *pEntity  SEntityEvent &event ),875
CarryHelper_LocallyPickupableEntityIsNowSet,CCCPOINT,None,.\Code\Game03\GameDll\GameRulesModules\GameRulesObjectiveHelper_Carry.cpp,OnEvent( IEntity *pEntity  SEntityEvent &event ),821
CarryHelper_NonLocalPlayerEnterArea,CCCPOINT_IF,!isLocalActor,.\Code\Game03\GameDll\GameRulesModules\GameRulesObjectiveHelper_Carry.cpp,OnEvent( IEntity *pEntity  SEntityEvent &event ),796
CarryHelper_NonLocalPlayerLeaveArea,CCCPOINT,None,.\Code\Game03\GameDll\GameRulesModules\GameRulesObjectiveHelper_Carry.cpp,OnEvent( IEntity *pEntity  SEntityEvent &event ),884
CombiCaptureObj_ClSiteCaptureStarted,CCCPOINT,None,.\Code\Game03\GameDll\GameRulesModules\GameRulesCombiCaptureObjective.cpp,ClSiteStartCapturing(SHoldEntityDetails *pDetails),841
CombiCaptureObj_SetNewIcon,CCCPOINT,None,.\Code\Game03\GameDll\GameRulesModules\GameRulesCombiCaptureObjective.cpp,UpdateIcon(SHoldEntityDetails * pDetails  bool force),264
CombiCaptureObj_SiteStartCapturingByEnemyTeam,CCCPOINT,None,.\Code\Game03\GameDll\GameRulesModules\GameRulesCombiCaptureObjective.cpp,ClSiteStartCapturing(SHoldEntityDetails *pDetails),860
CombiCaptureObj_SiteStartCapturingByFriendlyTeam,CCCPOINT,None,.\Code\Game03\GameDll\GameRulesModules\GameRulesCombiCaptureObjective.cpp,ClSiteStartCapturing(SHoldEntityDetails *pDetails),849
CombiCaptureObj_SvAttackersWonRound,CCCPOINT,None,.\Code\Game03\GameDll\GameRulesModules\GameRulesCombiCaptureObjective.cpp,IsComplete( int teamId ),681
CombiCaptureObj_SvDefendersWonRound_KilledAll,CCCPOINT,None,.\Code\Game03\GameDll\GameRulesModules\GameRulesCombiCaptureObjective.cpp,IsComplete( int teamId ),667
CreateAIObject,CCCPOINT,None,.\Code\CryEngine\CryAISystem\AIObjectManager.cpp,CreateAIObject(const AIObjectParams& params),17
CreateDummyObject,CCCPOINT,None,.\Code\CryEngine\CryAISystem\CAISystem.cpp,CreateDummyObject(CStrongRef<CAIObject>& ref  const string& name  CAIObject,750
DeregisterObjectUntyped,CCCPOINT,None,.\Code\CryEngine\CryAISystem\ObjectContainer.cpp,DeregisterObjectUntyped( CAbstractUntypedRef *ref ),129
DetonateFireMode_CannotFire,CCCPOINT,None,.\Code\Game03\GameDll\Detonate.cpp,StartFire(),147
DetonateFireMode_CannotFire_TimerNotReachedZero,CCCPOINT_IF,m_detonationTimer > 0.0f,.\Code\Game03\GameDll\Detonate.cpp,StartFire(),146
DetonateFireMode_ProjectileFailedToDetonate,CCCPOINT,None,.\Code\Game03\GameDll\Detonate.cpp,Detonate(bool net),184
DetonateFireMode_ProjectileHasBeenDetonated,CCCPOINT,None,.\Code\Game03\GameDll\Detonate.cpp,Detonate(bool net),179
DetonateFireMode_StartFireOK,CCCPOINT,None,.\Code\Game03\GameDll\Detonate.cpp,StartFire(),122
DetonateFireMode_TimerHasReachedZero,CCCPOINT,None,.\Code\Game03\GameDll\Detonate.cpp,Update(float frameTime  uint32 frameId),69
EquipmentLoadout_DoRandomGenerated,CCCPOINT,None,.\Code\Game03\GameDll\EquipmentLoadout.cpp,SvSendServerOverrideLoadout(int channelId),1928
EquipmentLoadout_DoRandomPackage,CCCPOINT,None,.\Code\Game03\GameDll\EquipmentLoadout.cpp,SvSendServerOverrideLoadout(int channelId),1987
EquipmentLoadout_DoRandomPackageSpread,CCCPOINT,None,.\Code\Game03\GameDll\EquipmentLoadout.cpp,SvSendServerOverrideLoadout(int channelId),1981
EquipmentLoadout_ServerOverrideLoadout,CCCPOINT,None,.\Code\Game03\GameDll\EquipmentLoadout.cpp,SvSendServerOverrideLoadout(int channelId),1918
FeatureTest_OnTestResult_Start,CODECHECKPOINT,None,.\Code\Game03\GameDll\Nodes\FeatureTestNode.cpp,GetInstance();,401
FeatureTest_OnTestResult_TestFinished,CODECHECKPOINT,None,.\Code\Game03\GameDll\Nodes\FeatureTestNode.cpp,GetInstance();,421
FeatureTest_StartNextTestRun_Start,CODECHECKPOINT,None,.\Code\Game03\GameDll\Nodes\FeatureTestNode.cpp,StartNextTestRun(),311
FrontEnd_ReadFromFile,CCCPOINT,None,.\Code\Game03\GameDll\FrontEnd\FrontEnd.cpp,InitializeFromFile(const char* path),186
FrontEnd_ReturnToMain,CCCPOINT,None,.\Code\Game03\GameDll\FrontEnd\FrontEnd.cpp,Execute(EFrontEndCommand command  const char* param),601
FrontEnd_ScreenForward,CCCPOINT,None,.\Code\Game03\GameDll\FrontEnd\FlashFrontEnd.cpp,ScreenForward(const int screenIndex),1901
GameLobby_CreateSession,CCCPOINT,None,.\Code\Game03\GameDll\Network\Lobby\GameLobby.cpp,CreateSession( const SGameStartParams* pGameStartParams ),1899
GameLobby_ShowJoinableGame,CCCPOINT,None,.\Code\Game03\GameDll\FrontEnd\Multiplayer\UIServerList.cpp,AddServer(const CUIServerList,91
GameLobby_StartGame,CCCPOINT,None,.\Code\Game03\GameDll\Network\Lobby\GameLobby.cpp,StartGame(SGameLobbyData* data),1876
GameLobby_UpdateComplete,CCCPOINT,None,.\Code\Game03\GameDll\FrontEnd\Multiplayer\MPMenuHub.cpp,SearchComplete(),2520
GameRulesStandardState_EnterInGame,CCCPOINT,None,.\Code\Game03\GameDll\GameRulesModules\GameRulesStandardState.cpp,ChangeState( EGR_GameState newState ),260
GameRules_ClModifyScore,CCCPOINT,None,.\Code\Game03\GameDll\GameRulesClientServer.cpp,OnHostMigrationGotLocalPlayer(CPlayer *pPlayer),1850
GameRules_ClRenameEntity,CCCPOINT,None,.\Code\Game03\GameDll\GameRulesClientServer.cpp,UpdateIdleKick(),1158
GameRules_ClientEnteredGame_NotReset,CCCPOINT_IF,!isReset,.\Code\Game03\GameDll\GameRules.cpp,OnClientEnteredGame(int channelId  bool isReset),1819
GameRules_ClientEnteredGame_Reset,CCCPOINT_IF,isReset,.\Code\Game03\GameDll\GameRules.cpp,OnClientEnteredGame(int channelId  bool isReset),1818
GameRules_Destroyed,CCCPOINT,None,.\Code\Game03\GameDll\GameRules.cpp,~CGameRules(),256
GameRules_GameOverDraw,CCCPOINT_IF,localWinner == EGOT_Draw,.\Code\Game03\GameDll\GameRules.cpp,GameOver(EGameOverType localWinner),5787
GameRules_GameOverLose,CCCPOINT_IF,localWinner == EGOT_Lose,.\Code\Game03\GameDll\GameRules.cpp,GameOver(EGameOverType localWinner),5786
GameRules_GameOverWin,CCCPOINT_IF,localWinner == EGOT_Win,.\Code\Game03\GameDll\GameRules.cpp,GameOver(EGameOverType localWinner),5788
GameRules_Init,CCCPOINT,None,.\Code\Game03\GameDll\GameRules.cpp,Init( IGameObject * pGameObject ),373
GameRules_OnEndGame,CCCPOINT,None,.\Code\Game03\GameDll\GameRules.cpp,OnEndGame(),5740
GameRules_PostInit,CCCPOINT,None,.\Code\Game03\GameDll\GameRules.cpp,PostInit( IGameObject * pGameObject ),733
GameRules_Release,CCCPOINT,None,.\Code\Game03\GameDll\GameRules.cpp,Release(),842
GameRules_Restart,CCCPOINT,None,.\Code\Game03\GameDll\GameRules.cpp,Restart(),5636
GameRules_SvGameStartCountdownAbort,CCCPOINT_IF,time < 0.f,.\Code\Game03\GameDll\GameRules.cpp,ResetGameStartTimer(float time),4780
GameRules_SvGameStartCountdownBegin,CCCPOINT_IF,time >= 0.f,.\Code\Game03\GameDll\GameRules.cpp,ResetGameStartTimer(float time),4781
GameRules_SvModifyScore,CCCPOINT,None,.\Code\Game03\GameDll\GameRules.cpp,IncreasePoints(EntityId who  const SGameRulesScoreInfo & scoreInfo),2241
GetNearestObjectOfTypeInRange,CCCPOINT,None,.\Code\CryEngine\CryAISystem\CAISystem.cpp,GetNearestObjectOfTypeInRange(IAIObject * pRequester  unsigned int nTypeID  float fRadiusMin  float fRadiusMax  int nOption),3336
GetOccupiedHideObjectPositions,CCCPOINT,None,.\Code\CryEngine\CryAISystem\CAISystem.cpp,GetOccupiedHideObjectPositions(const CPipeUser* pRequester  std,3773
HUD_CrosshairMovesOverEnemy,CCCPOINT,None,.\Code\Game03\GameDll\HUD\HUD_Crosshair.cpp,SetLookAtTarget(EntityId target),536
HUD_CrosshairMovesOverFriend,CCCPOINT_IF,targetType == eTT_Friend,.\Code\Game03\GameDll\HUD\HUD_Crosshair.cpp,SetLookAtTarget(EntityId target),544
HUD_CrosshairMovesOverNone,CCCPOINT_IF,targetType == eTT_None,.\Code\Game03\GameDll\HUD\HUD_Crosshair.cpp,SetLookAtTarget(EntityId target),545
HUD_DisplayScoreDecrease,CCCPOINT_IF,scoreInfo.score < 0,.\Code\Game03\GameDll\HUD\Objects\HUD_ScoreNotify.cpp,NewScoreElement( const SGameRulesScoreInfo& scoreInfo ),182
HUD_DisplayScoreIncrease,CCCPOINT_IF,scoreInfo.score > 0,.\Code\Game03\GameDll\HUD\Objects\HUD_ScoreNotify.cpp,NewScoreElement( const SGameRulesScoreInfo& scoreInfo ),181
HitDeath_ExecuteDeathReaction,CCCPOINT,None,.\Code\Game03\GameDll\HitDeathReactions.cpp,ExecuteDeathReaction(const SReactionParams& reactionParams),643
HitDeath_ExecuteHitReaction,CCCPOINT,None,.\Code\Game03\GameDll\HitDeathReactions.cpp,ExecuteHitReaction(const SReactionParams& reactionParams),622
HoldObjective_AddEntity,CCCPOINT,None,.\Code\Game03\GameDll\GameRulesModules\GameRulesHoldObjectiveBase.cpp,DoAddEntityId(int type  EntityId entityId  int index  bool isNewEntity),193
HoldObjective_BothTeamsNowInProximity,CCCPOINT,None,.\Code\Game03\GameDll\GameRulesModules\GameRulesHoldObjectiveBase.cpp,DetermineControllingTeamId(SHoldEntityDetails *pDetails  const int team1Count  const int team2Count),424
HoldObjective_CleanUpActiveCaptureEntity,CCCPOINT,None,.\Code\Game03\GameDll\GameRulesModules\GameRulesHoldObjectiveBase.cpp,CleanUpEntity(SHoldEntityDetails *pDetails),282
HoldObjective_LocalPlayerEnterArea,CCCPOINT,None,.\Code\Game03\GameDll\GameRulesModules\GameRulesHoldObjectiveBase.cpp,CheckCylinder( SHoldEntityDetails *pDetails  EntityId localPlayerId ),809
HoldObjective_LocalPlayerLeaveArea,CCCPOINT,None,.\Code\Game03\GameDll\GameRulesModules\GameRulesHoldObjectiveBase.cpp,CheckCylinder( SHoldEntityDetails *pDetails  EntityId localPlayerId ),814
HoldObjective_NeitherTeamNowInProximity,CCCPOINT,None,.\Code\Game03\GameDll\GameRulesModules\GameRulesHoldObjectiveBase.cpp,DetermineControllingTeamId(SHoldEntityDetails *pDetails  const int team1Count  const int team2Count),418
HoldObjective_PlayerWithinRangeKilled,CCCPOINT,None,.\Code\Game03\GameDll\GameRulesModules\GameRulesHoldObjectiveBase.cpp,OnEntityKilled( const HitInfo &hitInfo ),643
HoldObjective_TeamCellNowInProximity,CCCPOINT,None,.\Code\Game03\GameDll\GameRulesModules\GameRulesHoldObjectiveBase.cpp,DetermineControllingTeamId(SHoldEntityDetails *pDetails  const int team1Count  const int team2Count),412
HoldObjective_TeamMarinesNowInProximity,CCCPOINT,None,.\Code\Game03\GameDll\GameRulesModules\GameRulesHoldObjectiveBase.cpp,DetermineControllingTeamId(SHoldEntityDetails *pDetails  const int team1Count  const int team2Count),406
HostMigration_OnDemoteToClient,CCCPOINT,None,.\Code\Game03\GameDll\GameRules.cpp,OnDemoteToClient(SHostMigrationInfo& hostMigrationInfo),7299
HostMigration_OnFinalise,CCCPOINT,None,.\Code\Game03\GameDll\GameRules.cpp,OnFinalise(SHostMigrationInfo& hostMigrationInfo),7478
HostMigration_OnInitiate,CCCPOINT,None,.\Code\Game03\GameDll\GameRules.cpp,OnInitiate(SHostMigrationInfo& hostMigrationInfo),7236
HostMigration_OnPromoteToServer,CCCPOINT,None,.\Code\Game03\GameDll\GameRules.cpp,OnPromoteToServer(SHostMigrationInfo& hostMigrationInfo),7442
HostMigration_OnReconnectClient,CCCPOINT,None,.\Code\Game03\GameDll\GameRules.cpp,OnReconnectClient(SHostMigrationInfo& hostMigrationInfo),7462
Item_Destroy,CCCPOINT,None,.\Code\Game03\GameDll\Item.cpp,~CItem(),106
Item_DroppedAndHasNoOwner,CCCPOINT,None,.\Code\Game03\GameDll\Item.cpp,Drop(float impulseScale  bool selectNext  bool byDeath),1378
Item_DroppedWhileCurrentItem,CCCPOINT,None,.\Code\Game03\GameDll\Item.cpp,Drop(float impulseScale  bool selectNext  bool byDeath),1358
Item_DroppedWhileNotCurrentItem,CCCPOINT,None,.\Code\Game03\GameDll\Item.cpp,Drop(float impulseScale  bool selectNext  bool byDeath),1363
Item_PickUpAndSelect_NoSound,CCCPOINT_IF,!sound &&  select,.\Code\Game03\GameDll\Item.cpp,PickUp(EntityId pickerId  bool sound  bool select  bool keepHistory  const char* setup),1530
Item_PickUpAndSelect_PlaySound,CCCPOINT_IF, sound &&  select,.\Code\Game03\GameDll\Item.cpp,PickUp(EntityId pickerId  bool sound  bool select  bool keepHistory  const char* setup),1528
Item_PickUpAndStore_NoSound,CCCPOINT_IF,!sound && !select,.\Code\Game03\GameDll\Item.cpp,PickUp(EntityId pickerId  bool sound  bool select  bool keepHistory  const char* setup),1531
Item_PickUpAndStore_PlaySound,CCCPOINT_IF, sound && !select,.\Code\Game03\GameDll\Item.cpp,PickUp(EntityId pickerId  bool sound  bool select  bool keepHistory  const char* setup),1529
KVolt_DamageEnemy,CCCPOINT,None,.\Code\Game03\GameDll\KVoltBullet.cpp,DamageEnemiesInRange(float range  Vec3 pos  EntityId ignoreId),136
KVolt_SpawnDestroyParticle,CCCPOINT,None,.\Code\Game03\GameDll\KVoltBullet.cpp,Trigger(Vec3 collisionPos),115
KillObjective_EntityKilled,CCCPOINT,None,.\Code\Game03\GameDll\GameRulesModules\GameRulesKillObjective.cpp,EntityKilled(EntityId targetId  EntityId shooterId),609
KillObjective_SetNewIcon,CCCPOINT,None,.\Code\Game03\GameDll\GameRulesModules\GameRulesKillObjective.cpp,SetIcon( SKillEntity *pKillEntity ),515
KingOfTheHillObjective_RemoveIcon,CCCPOINT,None,.\Code\Game03\GameDll\GameRulesModules\GameRulesKingOfTheHillObjective.cpp,CallEvent(hudevent);,174
KingOfTheHillObjective_SetNewIcon,CCCPOINT,None,.\Code\Game03\GameDll\GameRulesModules\GameRulesKingOfTheHillObjective.cpp,UpdateIcon(SHoldEntityDetails * pDetails),152
KingOfTheHillObjective_SiteCapturedByEnemyTeam,CCCPOINT,None,.\Code\Game03\GameDll\GameRulesModules\GameRulesKingOfTheHillObjective.cpp,ClSiteChangedOwner( SHoldEntityDetails *pDetails  int oldTeamId ),396
KingOfTheHillObjective_SiteCapturedByFriendlyTeam,CCCPOINT,None,.\Code\Game03\GameDll\GameRulesModules\GameRulesKingOfTheHillObjective.cpp,ClSiteChangedOwner( SHoldEntityDetails *pDetails  int oldTeamId ),387
KingOfTheHillObjective_SiteLostByEnemyTeam,CCCPOINT,None,.\Code\Game03\GameDll\GameRulesModules\GameRulesKingOfTheHillObjective.cpp,ClSiteChangedOwner( SHoldEntityDetails *pDetails  int oldTeamId ),416
KingOfTheHillObjective_SiteLostByFriendlyTeam,CCCPOINT,None,.\Code\Game03\GameDll\GameRulesModules\GameRulesKingOfTheHillObjective.cpp,ClSiteChangedOwner( SHoldEntityDetails *pDetails  int oldTeamId ),408
KingOfTheHillObjective_TeamCellScored,CCCPOINT_IF,(pKotHEntity->m_scoringTeamId == 2),.\Code\Game03\GameDll\GameRulesModules\GameRulesKingOfTheHillObjective.cpp,Update(frameTime);,241
KingOfTheHillObjective_TeamMarinesScored,CCCPOINT_IF,(pKotHEntity->m_scoringTeamId == 1),.\Code\Game03\GameDll\GameRulesModules\GameRulesKingOfTheHillObjective.cpp,Update(frameTime);,240
MPSpawningWithLives_ListenedEntityKilled,CCCPOINT,None,.\Code\Game03\GameDll\GameRulesModules\GameRulesMPSpawningWithLives.cpp,OnEntityKilled(const HitInfo &hitInfo),420
MPSpawningWithLives_SvListenedEntityKilled_KillsSumIncreased,CCCPOINT,None,.\Code\Game03\GameDll\GameRulesModules\GameRulesMPSpawningWithLives.cpp,OnEntityKilled(const HitInfo &hitInfo),436
MPSpawningWithLives_SvListenedEntityKilled_SurvivorChangeNotified,CCCPOINT,None,.\Code\Game03\GameDll\GameRulesModules\GameRulesMPSpawningWithLives.cpp,OnEntityKilled(const HitInfo &hitInfo),443
MPSpawningWithLives_SvListenedEntityRevived,CCCPOINT,None,.\Code\Game03\GameDll\GameRulesModules\GameRulesMPSpawningWithLives.cpp,EntityRevived(EntityId entityId),299
MPSpawningWithLives_SvListenedEntityRevived_SurvivorChangeNotified,CCCPOINT,None,.\Code\Game03\GameDll\GameRulesModules\GameRulesMPSpawningWithLives.cpp,EntityRevived(EntityId entityId),307
MPSpawningWithLives_SvPerformReviveAllowed,CCCPOINT,None,.\Code\Game03\GameDll\GameRulesModules\GameRulesMPSpawningWithLives.cpp,PerformRevive(EntityId playerId  int teamId),254
MPSpawningWithLives_SvPerformReviveDenied_NoLives,CCCPOINT,None,.\Code\Game03\GameDll\GameRulesModules\GameRulesMPSpawningWithLives.cpp,PerformRevive(EntityId playerId  int teamId),259
MPSpawningWithLives_SvPerformReviveDenied_OthersDiedAlready,CCCPOINT,None,.\Code\Game03\GameDll\GameRulesModules\GameRulesMPSpawningWithLives.cpp,PerformRevive(EntityId playerId  int teamId),265
MPSpawningWithLives_SvPerformReviveDenied_SuddenDeath,CCCPOINT,None,.\Code\Game03\GameDll\GameRulesModules\GameRulesMPSpawningWithLives.cpp,PerformRevive(EntityId playerId  int teamId),271
MPSpawningWithLives_SvPlayerJoined_SurvivorChangeNotified,CCCPOINT,None,.\Code\Game03\GameDll\GameRulesModules\GameRulesMPSpawningWithLives.cpp,PlayerJoined(EntityId playerId),393
MPSpawningWithLives_SvPlayerLeft_SurvivorChangeNotified,CCCPOINT,None,.\Code\Game03\GameDll\GameRulesModules\GameRulesMPSpawningWithLives.cpp,PlayerLeft(EntityId playerId),407
MPSpawningWithLives_SvReviveAllPlayers_SurvivorChangeNotified,CCCPOINT,None,.\Code\Game03\GameDll\GameRulesModules\GameRulesMPSpawningWithLives.cpp,ReviveAllPlayers(isReset);,381
MPSpawningWithLives_SvUpdateEnteredSuddenDeath_SurvivorChangeNotified,CCCPOINT,None,.\Code\Game03\GameDll\GameRulesModules\GameRulesMPSpawningWithLives.cpp,Update(frameTime);,115
Melee_HitSomethingWithRayCast,CCCPOINT,None,.\Code\Game03\GameDll\MeleeCollisionHelper.cpp,OnDataReceived( const EventPhysRWIResult *pRWIResult ),31
Melee_LocalActorMelee,CCCPOINT,None,.\Code\Game03\GameDll\Melee.cpp,StartFire(),235
Melee_NonLocalActorMelee,CCCPOINT,None,.\Code\Game03\GameDll\Melee.cpp,StartFire(),239
Melee_PerformLocal,CCCPOINT_IF,! remote,.\Code\Game03\GameDll\Melee.cpp,PerformMelee(const Vec3 &pos  const Vec3 &dir  bool remote),298
Melee_PerformRemote,CCCPOINT_IF,remote,.\Code\Game03\GameDll\Melee.cpp,PerformMelee(const Vec3 &pos  const Vec3 &dir  bool remote),299
Melee_PressedButMeleeNotAllowed,CCCPOINT,None,.\Code\Game03\GameDll\WeaponInput.cpp,OnActionSpecial(EntityId actorId  const ActionId& actionId  int activationMode  float value),336
Melee_SuccessfullyHitAutoTarget,CCCPOINT,None,.\Code\Game03\GameDll\MeleeCollisionHelper.cpp,PerformMeleeOnAutoTarget( EntityId targetId ),224
Melee_SwingAndAMiss,CCCPOINT,None,.\Code\Game03\GameDll\MeleeCollisionHelper.cpp,OnDataReceived( const EventPhysRWIResult *pRWIResult ),36
NanoSuit_SpecialVisionModeOff,CCCPOINT_IF,visionMode == eVisionMode_None,.\Code\Game03\GameDll\Binocular.cpp,ToggleVisionMode( EVisionMode visionMode ),260
NanoSuit_SpecialVisionModeOn,CCCPOINT_IF,visionMode != eVisionMode_None,.\Code\Game03\GameDll\Binocular.cpp,ToggleVisionMode( EVisionMode visionMode ),259
NanoSuit_VisorDidNotToggle,CCCPOINT,None,.\Code\Game03\GameDll\NanoSuit_v2.cpp,GetInstance()->IncrementClientStats(EIPS_SuitModeChanges);,299
NanoSuit_VisorDisabled,CCCPOINT_IF,enabled,.\Code\Game03\GameDll\NanoSuit_v2.cpp,ToggleVisor(),287
NanoSuit_VisorEnabled,CCCPOINT_IF,!enabled,.\Code\Game03\GameDll\NanoSuit_v2.cpp,ToggleVisor(),288
Nanosuit_ArmorMode_Off,CCCPOINT,None,.\Code\Game03\GameDll\NanoModeArmor.cpp,Activate(bool activate),70
Nanosuit_ArmorMode_On,CCCPOINT,None,.\Code\Game03\GameDll\NanoModeArmor.cpp,Activate(bool activate),45
Nanosuit_DefaultMode_Off,CCCPOINT,None,.\Code\Game03\GameDll\NanoModeDefault.cpp,Activate(bool activate),47
Nanosuit_DefaultMode_On,CCCPOINT,None,.\Code\Game03\GameDll\NanoModeDefault.cpp,Activate(bool activate),39
Nanosuit_EnergyRecharging,CCCPOINT_IF,m_recharging,.\Code\Game03\GameDll\NanoSuitEnergy.cpp,UpdateNormal(const SUpdateContext& updateContext),65
Nanosuit_EnergyReduced,CCCPOINT,None,.\Code\Game03\GameDll\NanoSuitEnergy.cpp,UpdateNormal(const SUpdateContext& updateContext),56
Nanosuit_InformPlayerWhenModeChanges,CCCPOINT,None,.\Code\Game03\GameDll\Player.cpp,ModeChanged(ENanoSuitMode mode),8537
Nanosuit_InformPlayerWhenStateChanges,CCCPOINT,None,.\Code\Game03\GameDll\Player.cpp,OnSuitStateChanged(ENanoSuitState state),8549
Nanosuit_StealthMode_Off,CCCPOINT,None,.\Code\Game03\GameDll\NanoModeStealth.cpp,GetInstance()->ClientCloaked(gEnv->pTimer->GetCurrTime());,75
Nanosuit_StealthMode_On,CCCPOINT,None,.\Code\Game03\GameDll\NanoModeStealth.cpp,Activate(bool activate),57
Net_ChannelDestroyed,CCCPOINT,None,.\Code\Game03\GameDll\Game.cpp,OnActionEvent(const SActionEvent& event),2242
Net_ConnectFailed,CCCPOINT,None,.\Code\Game03\GameDll\Game.cpp,OnActionEvent(const SActionEvent& event),2239
Net_GetServerIp,CCCPOINT,None,.\Code\Game03\GameDll\Game.cpp,OnActionEvent(const SActionEvent& event),2247
Net_GetServerName,CCCPOINT,None,.\Code\Game03\GameDll\Game.cpp,OnActionEvent(const SActionEvent& event),2255
OPWaitSignal_NotifySignalReceived_Data,CCCPOINT,None,.\Code\CryEngine\CryAISystem\GoalOp.cpp,NotifySignalReceived( CAIObject* pPipeUser  const char* szText  IAISignalExtraData* pData ),4208
Perk_ConcentratedFire_ScaledFireSpeed,CCCPOINT,None,.\Code\Game03\GameDll\Single.cpp,SPerkVars * perkVars = CPerk,991
Perk_Deflection_AudioAndVisuals,CCCPOINT_IF,m_perkId == ePerk_Deflection,.\Code\Game03\GameDll\ResistantPerk.cpp,HandleEvent(EPlayerPlugInEvent perkEvent  void* data),103
Perk_Deflection_ScaledDamage,CCCPOINT_IF,m_perkId == ePerk_Deflection,.\Code\Game03\GameDll\ResistantPerk.cpp,HandleEvent(EPlayerPlugInEvent perkEvent  void* data),84
Perk_EagleVision_Highlight,CCCPOINT,None,.\Code\Game03\GameDll\EnhancedVisorPerk.cpp,GetActorManager();,53
Perk_FragResistant_AudioAndVisuals,CCCPOINT_IF,m_perkId == ePerk_FragResistant,.\Code\Game03\GameDll\ResistantPerk.cpp,HandleEvent(EPlayerPlugInEvent perkEvent  void* data),102
Perk_FragResistant_ScaledDamage,CCCPOINT_IF,m_perkId == ePerk_FragResistant,.\Code\Game03\GameDll\ResistantPerk.cpp,HandleEvent(EPlayerPlugInEvent perkEvent  void* data),83
Perk_MaximumSuit_Enter,CCCPOINT_IF,m_perkId == ePerk_TeamSuitBoost,.\Code\Game03\GameDll\PlayerPlugin_Perk_TeamPerkWithTimeout.cpp,Activate(),40
Perk_MaximumSuit_Exit,CCCPOINT_IF,m_perkId == ePerk_TeamSuitBoost,.\Code\Game03\GameDll\PlayerPlugin_Perk_TeamPerkWithTimeout.cpp,Leave(),104
Perk_Phantom_Enter,CCCPOINT,None,.\Code\Game03\GameDll\PhantomPerk.cpp,SetPhantomAudio(bool enable),103
Perk_Phantom_Exit,CCCPOINT,None,.\Code\Game03\GameDll\PhantomPerk.cpp,SetPhantomAudio(bool enable),108
Perk_ProximityAlarm_DetectedNearbyPlayer,CCCPOINT,None,.\Code\Game03\GameDll\ProximityPerk.cpp,Update(const float dt),63
Perk_SilentFeet_AdjustFootstep,CCCPOINT,None,.\Code\Game03\GameDll\SilentFeetPerk.cpp,SPerkVars * perkVars = CPerk,32
Perk_SilentFeet_AdjustJump,CCCPOINT_IF,mute,.\Code\Game03\GameDll\Player.cpp,PlaySound(EPlayerSounds soundID  bool play  const char* paramName  float paramValue  const char* paramName2  float paramValue2 ),6221
Perk_Stamp_DoDamage,CCCPOINT,None,.\Code\Game03\GameDll\StampPerk.cpp,DoDamage(),332
Perk_Stamp_HitGround,CCCPOINT,None,.\Code\Game03\GameDll\StampPerk.cpp,GetInstance()->GetVars()->perk_Stamp_rechargeTime;,106
Perk_Stamp_Triggered,CCCPOINT,None,.\Code\Game03\GameDll\StampPerk.cpp,HandleEvent(EPlayerPlugInEvent perkEvent  void* data),69
Perk_TeamPerkWithTimeout_Enter_LocalPlayer,CCCPOINT_IF,isClient,.\Code\Game03\GameDll\PlayerPlugin_Perk_TeamPerkWithTimeout.cpp,Enter(),80
Perk_TeamPerkWithTimeout_Enter_NonLocalPlayer,CCCPOINT_IF,!isClient,.\Code\Game03\GameDll\PlayerPlugin_Perk_TeamPerkWithTimeout.cpp,Enter(),81
Perk_TeamPerkWithTimeout_Leave_LocalPlayer,CCCPOINT_IF,isClient,.\Code\Game03\GameDll\PlayerPlugin_Perk_TeamPerkWithTimeout.cpp,Leave(),101
Perk_TeamPerkWithTimeout_Leave_NonLocalPlayer,CCCPOINT_IF,!isClient,.\Code\Game03\GameDll\PlayerPlugin_Perk_TeamPerkWithTimeout.cpp,Leave(),102
Perk_ThreatTrails_RenderBulletTrail,CCCPOINT,None,.\Code\Game03\GameDll\ThreatDetectorPerk.cpp,HandleEvent(EPlayerPlugInEvent perkEvent  void* data),68
Perk_ThreatTrails_RenderGrenadeTrail,CCCPOINT,None,.\Code\Game03\GameDll\ThreatDetectorPerk.cpp,SPerkVars * perkVars = CPerk,142
Perk_Tracker_PlacedTrackerParticle,CCCPOINT,None,.\Code\Game03\GameDll\TrackerPerk.cpp,ProcessIndividualInfo(STrackerInfo& info  CActor* pActor  Vec3 currentPosition  IParticleEffect* pEffect  float individualUpdateRate  float individualMinMovementSqrd),186
Perk_VisorProtector_ScaleFlashbangEffect,CCCPOINT,None,.\Code\Game03\GameDll\EnhancedVisorPerk.cpp,GetInstance()->GetVars()->perk_EnhancedVisor_FlashBangScale;,127
PlayerMovement_IgnoreCrouchInput,CCCPOINT,None,.\Code\Game03\GameDll\PlayerInput.cpp,OnActionCrouch(EntityId entityId  const ActionId& actionId  int activationMode  float value),1730
PlayerMovement_LocalPlayerLanded,CCCPOINT,None,.\Code\Game03\GameDll\Player.cpp,Landed(float fallSpeed),5333
PlayerMovement_LocalPlayerNormalJump,CCCPOINT_IF,m_player.IsClient(),.\Code\Game03\GameDll\PlayerMovement.cpp,StartJump(Vec3& jumpVec  Vec3& move  const Matrix34& baseMtxZ ),1104
PlayerMovement_LocalPlayerStartCrouch,CCCPOINT_IF,newStance == STANCE_CROUCH,.\Code\Game03\GameDll\Player.cpp,OnStanceChanged(EStance newStance  EStance oldStance),2311
PlayerMovement_LocalPlayerStopCrouch,CCCPOINT_IF,oldStance == STANCE_CROUCH,.\Code\Game03\GameDll\Player.cpp,OnStanceChanged(EStance newStance  EStance oldStance),2310
PlayerMovement_NonLocalPlayerLanded,CCCPOINT,None,.\Code\Game03\GameDll\Player.cpp,Landed(float fallSpeed),5337
PlayerMovement_NonLocalPlayerNormalJump,CCCPOINT_IF,! m_player.IsClient(),.\Code\Game03\GameDll\PlayerMovement.cpp,StartJump(Vec3& jumpVec  Vec3& move  const Matrix34& baseMtxZ ),1105
PlayerMovement_NonLocalPlayerStartCrouch,CCCPOINT_IF,newStance == STANCE_CROUCH,.\Code\Game03\GameDll\Player.cpp,OnStanceChanged(EStance newStance  EStance oldStance),2316
PlayerMovement_NonLocalPlayerStopCrouch,CCCPOINT_IF,oldStance == STANCE_CROUCH,.\Code\Game03\GameDll\Player.cpp,OnStanceChanged(EStance newStance  EStance oldStance),2315
PlayerMovement_PressJumpInputIgnored,CCCPOINT_IF,value > 0.0f,.\Code\Game03\GameDll\PlayerInput.cpp,OnActionJumpOrGlide(EntityId entityId  const ActionId& actionId  int activationMode  float value),1588
PlayerMovement_PressJumpWhileCrouchedToStandUp,CCCPOINT,None,.\Code\Game03\GameDll\PlayerInput.cpp,OnActionJumpOrGlide(EntityId entityId  const ActionId& actionId  int activationMode  float value),1561
PlayerMovement_PressJumpWhileNotAllowedToJump,CCCPOINT_IF,!didJump,.\Code\Game03\GameDll\PlayerMovement.cpp,ProcessOnGroundOrJumping(CPlayer& player),776
PlayerMovement_SprintActionDisablesCrouchAction,CCCPOINT_IF,m_actions & ACTION_CROUCH,.\Code\Game03\GameDll\PlayerInput.cpp,StartSprinting(),1812
PlayerMovement_SprintOff,CCCPOINT_IF,m_player.m_stats.bSprinting && !shouldSprint,.\Code\Game03\GameDll\PlayerMovement.cpp,ShouldSprint() const,181
PlayerMovement_SprintOn,CCCPOINT_IF,shouldSprint,.\Code\Game03\GameDll\PlayerMovement.cpp,ShouldSprint() const,166
PlayerMovement_SprintRequestIgnored,CCCPOINT_IF,!m_player.m_stats.bSprinting && !shouldSprint && (m_actions & ACTION_SPRINT),.\Code\Game03\GameDll\PlayerMovement.cpp,ShouldSprint() const,180
PlayerMovement_ToggleCrouchActionOff,CCCPOINT,None,.\Code\Game03\GameDll\PlayerInput.cpp,OnActionCrouch(EntityId entityId  const ActionId& actionId  int activationMode  float value),1738
PlayerMovement_ToggleCrouchActionOn,CCCPOINT,None,.\Code\Game03\GameDll\PlayerInput.cpp,OnActionCrouch(EntityId entityId  const ActionId& actionId  int activationMode  float value),1734
PlayerProfile_SignIn,CCCPOINT,None,.\Code\Game03\GameDll\FrontEnd\FlashFrontEnd.cpp,Execute(EFlashFrontEndCommand command  const char* param),1717
PlayerProfile_Verified,CCCPOINT,None,.\Code\Game03\GameDll\FrontEnd\FlashFrontEnd.cpp,Execute(EFlashFrontEndCommand command  const char* param),1740
PlayerProgression_GameOver,CCCPOINT,None,.\Code\Game03\GameDll\PlayerProgression.cpp,GameOver(EGameOverType localWinner),683
PlayerProgression_MatchBonusDraw,CCCPOINT_IF,localWinner == EGOT_Draw,.\Code\Game03\GameDll\PlayerProgression.cpp,MatchBonus(const EGameOverType localWinner  const float totalTime),739
PlayerProgression_MatchBonusLose,CCCPOINT_IF,localWinner == EGOT_Lose,.\Code\Game03\GameDll\PlayerProgression.cpp,MatchBonus(const EGameOverType localWinner  const float totalTime),738
PlayerProgression_MatchBonusWin,CCCPOINT_IF,localWinner == EGOT_Win,.\Code\Game03\GameDll\PlayerProgression.cpp,MatchBonus(const EGameOverType localWinner  const float totalTime),740
PlayerState_CannotSpawnBecauseIsAlive,CCCPOINT,None,.\Code\Game03\GameDll\GameRulesModules\GameRulesMPSpawning.cpp,ClRequestRevive(EntityId playerId),1278
PlayerState_FlyMode_FlyCollisionsOff,CCCPOINT_IF,flyMode == 2,.\Code\Game03\GameDll\Player.cpp,SetFlyMode(uint8 flyMode),5858
PlayerState_FlyMode_FlyCollisionsOn,CCCPOINT_IF,flyMode == 1,.\Code\Game03\GameDll\Player.cpp,SetFlyMode(uint8 flyMode),5857
PlayerState_FlyMode_Off,CCCPOINT_IF,flyMode == 0,.\Code\Game03\GameDll\Player.cpp,SetFlyMode(uint8 flyMode),5856
PlayerState_FullSerializeRead,CCCPOINT,None,.\Code\Game03\GameDll\Player.cpp,FullSerialize(ser);,4814
PlayerState_FullSerializeWrite,CCCPOINT,None,.\Code\Game03\GameDll\Player.cpp,FullSerialize(ser);,4819
PlayerState_Init,CCCPOINT,None,.\Code\Game03\GameDll\Player.cpp,Init(IGameObject * pGameObject),432
PlayerState_LocalPlayerBeingDestroyed,CCCPOINT,None,.\Code\Game03\GameDll\Player.cpp,CallEvent(hudEvent_initLocalPlayerEditor);,1002
PlayerState_LocalPlayerCloneOnDeath,CCCPOINT_IF,IsClient(),.\Code\Game03\GameDll\Player.cpp,SpawnCorpse(),3370
PlayerState_LocalPlayerDied,CCCPOINT,None,.\Code\Game03\GameDll\Player.cpp,GetInstance()->ClientRegenerated();,4024
PlayerState_LocalPlayerHealthReduced,CCCPOINT_IF,IsClient(),.\Code\Game03\GameDll\Player.cpp,SetHealth(health);,3992
PlayerState_LocalPlayerHealthRegenerate,CCCPOINT_IF,IsClient(),.\Code\Game03\GameDll\Player.cpp,UpdateHealthRegeneration(int iHealth  float frameTime),4273
PlayerState_LocalPlayerNowTargettingNobody,CCCPOINT_IF,!m_currentTarget,.\Code\Game03\GameDll\PlayerPlugin_CurrentlyTargetting.cpp,Update(float dt),63
PlayerState_LocalPlayerNowTargettingSomebody,CCCPOINT_IF,m_currentTarget,.\Code\Game03\GameDll\PlayerPlugin_CurrentlyTargetting.cpp,Update(float dt),62
PlayerState_LocalPlayerSpawn,CCCPOINT,None,.\Code\Game03\GameDll\Player.cpp,CallEvent(showReviveCycle);,3626
PlayerState_NonLocalPlayerBeingDestroyed,CCCPOINT,None,.\Code\Game03\GameDll\Player.cpp,GetInstance()->Inform(kGMEvent_LocalPlayerDeinit);,1007
PlayerState_NonLocalPlayerCloneOnDeath,CCCPOINT_IF,!IsClient(),.\Code\Game03\GameDll\Player.cpp,SpawnCorpse(),3371
PlayerState_NonLocalPlayerDied,CCCPOINT,None,.\Code\Game03\GameDll\Player.cpp,GetInstance()->ClientRegenerated();,4028
PlayerState_NonLocalPlayerSpawn,CCCPOINT,None,.\Code\Game03\GameDll\Player.cpp,CallEvent(showReviveCycle);,3631
PlayerState_OtherPlayerHealthReduced,CCCPOINT_IF,! IsClient(),.\Code\Game03\GameDll\Player.cpp,SetHealth(health);,3993
PlayerState_OtherPlayerHealthRegenerate,CCCPOINT_IF,! IsClient(),.\Code\Game03\GameDll\Player.cpp,UpdateHealthRegeneration(int iHealth  float frameTime),4274
PlayerState_PostInit,CCCPOINT,None,.\Code\Game03\GameDll\Player.cpp,PostInit( IGameObject * pGameObject ),538
PlayerState_RemotePlayerNowTargettingNobody,CCCPOINT_IF,!m_currentTarget,.\Code\Game03\GameDll\PlayerPlugin_CurrentlyTargetting.cpp,NetSerialize(TSerialize ser  EEntityAspects aspect  uint8 profile  int flags),90
PlayerState_RemotePlayerNowTargettingSomebody,CCCPOINT_IF,m_currentTarget,.\Code\Game03\GameDll\PlayerPlugin_CurrentlyTargetting.cpp,NetSerialize(TSerialize ser  EEntityAspects aspect  uint8 profile  int flags),89
PlayerState_SetInputCallbacks,CCCPOINT,None,.\Code\Game03\GameDll\PlayerInput.cpp,unknown,148
PlayerState_SvDoNotReviveTooSoonAfterDeath,CCCPOINT,None,.\Code\Game03\GameDll\GameRulesModules\GameRulesMPSpawning.cpp,SvRequestRevive(EntityId playerId),1318
PlayerState_SvPerformRevive,CCCPOINT,None,.\Code\Game03\GameDll\GameRulesModules\GameRulesMPSpawning.cpp,SvRequestRevive(EntityId playerId),1313
PlayerState_ToggleVisor,CCCPOINT,None,.\Code\Game03\GameDll\PlayerInput.cpp,OnActionSuitVisor(EntityId entityId  const ActionId& actionId  int activationMode  float value),2450
PlayerWeapon_IronSightOff,CCCPOINT,None,.\Code\Game03\GameDll\IronSight.cpp,OnZoomedOut(),828
PlayerWeapon_IronSightOn,CCCPOINT,None,.\Code\Game03\GameDll\IronSight.cpp,OnZoomedIn(),755
PlayerWeapon_IronSightStartZoomIn,CCCPOINT_IF,m_pWeapon->IsOwnerClient(),.\Code\Game03\GameDll\IronSight.cpp,ZoomIn(float time  float from  float to  bool smooth  int nextStep),642
PlayerWeapon_IronSightStartZoomOut,CCCPOINT_IF,m_pWeapon->IsOwnerClient(),.\Code\Game03\GameDll\IronSight.cpp,ZoomOut(float time  float from  float to  bool smooth  int nextStep),681
PlayerWeapon_SniperScopeOff,CCCPOINT_IF,!active,.\Code\Game03\GameDll\Scope.cpp,InformActorOfScope(bool active),110
PlayerWeapon_SniperScopeOn,CCCPOINT_IF,active,.\Code\Game03\GameDll\Scope.cpp,InformActorOfScope(bool active),109
Projectile_BulletDestroyed,CCCPOINT,None,.\Code\Game03\GameDll\Projectile.cpp,Destroy(),843
Projectile_BulletLaunched,CCCPOINT,None,.\Code\Game03\GameDll\Projectile.cpp,Launch(const Vec3 &pos  const Vec3 &dir  const Vec3 &velocity  float speedScale /*=1.0f*/),809
Projectile_BulletTrail,CCCPOINT,None,.\Code\Game03\GameDll\Projectile.cpp,CreateBulletTrail(const Vec3& hitPos),897
Projectile_Explode,CCCPOINT,None,.\Code\Game03\GameDll\GameRulesClientServer.cpp,ProjectileExplosion(const SProjectileExplosionParams &projectileExplosionInfo),839
Projectile_FlashbangExplode,CCCPOINT,None,.\Code\Game03\GameDll\GameRulesClientServer.cpp,ProjectileExplosion(const SProjectileExplosionParams &projectileExplosionInfo),833
Projectile_GrenadeDestroyed,CCCPOINT,None,.\Code\Game03\GameDll\Projectile.cpp,Destroy(),838
Projectile_GrenadeLaunched,CCCPOINT,None,.\Code\Game03\GameDll\Projectile.cpp,Launch(const Vec3 &pos  const Vec3 &dir  const Vec3 &velocity  float speedScale /*=1.0f*/),804
RegisterObjectUntyped,CCCPOINT,None,.\Code\CryEngine\CryAISystem\ObjectContainer.cpp,RegisterObject(CAIObject *pObject  CStrongRef<CAIObject>& ref ),71
ReleaseDeregisteredObjects,CCCPOINT,None,.\Code\CryEngine\CryAISystem\ObjectContainer.cpp,ReleaseDeregisteredObjects(bool checkForLeaks),195
RemoveObject,CCCPOINT,None,.\Code\CryEngine\CryAISystem\AIObjectManager.cpp,RemoveObject(CAIObject *pObject),269
SetSignal,CCCPOINT,None,.\Code\CryEngine\CryAISystem\AIActor.cpp,SetSignal(int nSignalID  const char* szText  IEntity* pSender  IAISignalExtraData* pData  uint32 crcCode),931
Shotgun_Fired,CCCPOINT,None,.\Code\Game03\GameDll\Shotgun.cpp,Shoot(bool resetAnimation  bool autoreload/* =true */  bool isRemote),424
Shotgun_NetShoot,CCCPOINT,None,.\Code\Game03\GameDll\Shotgun.cpp,NetShootEx(const Vec3 &pos  const Vec3 &dir  const Vec3 &vel  const Vec3 &hit  float extra  int ph),432
Shotgun_ReloadShell,CCCPOINT,None,.\Code\Game03\GameDll\Shotgun.cpp,ReloadShell(int zoomed),153
Shotgun_TryShoot,CCCPOINT,None,.\Code\Game03\GameDll\Shotgun.cpp,Shoot(bool resetAnimation  bool autoreload/* =true */  bool isRemote),276
Shotgun_TryShootWhileCannotBeFired,CCCPOINT,None,.\Code\Game03\GameDll\Shotgun.cpp,Shoot(bool resetAnimation  bool autoreload/* =true */  bool isRemote),301
Shotgun_TryShootWhileOutOfAmmo,CCCPOINT,None,.\Code\Game03\GameDll\Shotgun.cpp,Shoot(bool resetAnimation  bool autoreload/* =true */  bool isRemote),297
Shotgun_TryShootWhileReloading,CCCPOINT,None,.\Code\Game03\GameDll\Shotgun.cpp,Shoot(bool resetAnimation  bool autoreload/* =true */  bool isRemote),316
SimulateInput_ProcessEvent_SendAction,CODECHECKPOINT,None,.\Code\Game03\GameDll\Nodes\FeatureTestNode.cpp,ProcessEvent( EFlowEvent event  SActivationInfo* pActInfo ),782
Single_ApplySpreadQuadrant,CCCPOINT,None,.\Code\Game03\GameDll\Single.cpp,GetAnglesXYZ(Matrix33,2161
Single_ApplySpreadRandom,CCCPOINT,None,.\Code\Game03\GameDll\Single.cpp,GetAnglesXYZ(Matrix33,2154
Single_EmitTracer,CCCPOINT,None,.\Code\Game03\GameDll\Single.cpp,EmitTracer(const Vec3& pos  const Vec3& destination  const STracerParams * useTracerParams  CProjectile* pProjectile),3028
Single_EndReload,CCCPOINT,None,.\Code\Game03\GameDll\Single.cpp,EndReload(int zoomed),1142
Single_FillAmmo,CCCPOINT,None,.\Code\Game03\GameDll\Single.cpp,FillAmmo(),1166
Single_NetShoot,CCCPOINT,None,.\Code\Game03\GameDll\Single.cpp,NetShootEx(const Vec3 &pos  const Vec3 &dir  const Vec3 &vel  const Vec3 &hit  float extra  int predictionHandle),2684
Single_ReplayShoot,CCCPOINT,None,.\Code\Game03\GameDll\Single.cpp,ReplayShoot(),2802
Single_Shoot,CCCPOINT,None,.\Code\Game03\GameDll\Single.cpp,Shoot(bool resetAnimation  bool autoreload  bool isRemote),1425
Single_StartFire,CCCPOINT,None,.\Code\Game03\GameDll\Single.cpp,StartFire(),852
Single_StartReload,CCCPOINT,None,.\Code\Game03\GameDll\Single.cpp,StartReload(int zoomed),1082
Single_StopFire,CCCPOINT,None,.\Code\Game03\GameDll\Single.cpp,StopFire(),897
SubservientGunTurret_SerializeCurrentController,CCCPOINT,None,.\Code\Game03\GameDll\GunTurret_AimWhereControllingPlayerIsAiming.cpp,NetSerialize(ser  aspect  profile  flags);,169
SubservientGunTurret_StopControllingBecauseDiedOrLeftGame,CCCPOINT,None,.\Code\Game03\GameDll\GunTurret_AimWhereControllingPlayerIsAiming.cpp,CheckControllerCanStillUseTurret(),92
SubservientGunTurret_StopControllingBecauseGotTooFarAway,CCCPOINT,None,.\Code\Game03\GameDll\GunTurret_AimWhereControllingPlayerIsAiming.cpp,CheckControllerCanStillUseTurret(),86
SubservientGunTurret_Use,CCCPOINT,None,.\Code\Game03\GameDll\GunTurret_AimWhereControllingPlayerIsAiming.cpp,Use(EntityId userId),146
SurvivorOneVictoryConditions_SvDrawScoreEvent,CCCPOINT,None,.\Code\Game03\GameDll\GameRulesModules\GameRulesSurvivorOneVictoryConditions.cpp,TimeLimitExpired(),130
SurvivorOneVictoryConditions_SvSurvivorOneEndGame,CCCPOINT,None,.\Code\Game03\GameDll\GameRulesModules\GameRulesSurvivorOneVictoryConditions.cpp,SvSurvivorCountRefresh(int count  const EntityId survivors[]  int numKills),171
SurvivorOneVictoryConditions_SvSurvivorOneScoreEvent,CCCPOINT,None,.\Code\Game03\GameDll\GameRulesModules\GameRulesSurvivorOneVictoryConditions.cpp,SvSurvivorCountRefresh(int count  const EntityId survivors[]  int numKills),168
SurvivorOneVictoryConditions_SvTimeLimitReached,CCCPOINT,None,.\Code\Game03\GameDll\GameRulesModules\GameRulesSurvivorOneVictoryConditions.cpp,TimeLimitExpired(),134
TeamPerk_EnhancedRadarOff_EnemyTeam,CCCPOINT_IF,!isNowOn && !localTeam,.\Code\Game03\GameDll\TeamPerks.cpp,CallEvent(eventTeamRadar);,119
TeamPerk_EnhancedRadarOff_MyTeam,CCCPOINT_IF,!isNowOn && localTeam,.\Code\Game03\GameDll\TeamPerks.cpp,CallEvent(eventTeamRadar);,117
TeamPerk_EnhancedRadarOn_EnemyTeam,CCCPOINT_IF,isNowOn && !localTeam,.\Code\Game03\GameDll\TeamPerks.cpp,CallEvent(eventTeamRadar);,118
TeamPerk_EnhancedRadarOn_MyTeam,CCCPOINT_IF,isNowOn && localTeam,.\Code\Game03\GameDll\TeamPerks.cpp,CallEvent(eventTeamRadar);,116
TeamPerk_SuitBoostOff_EnemyTeam,CCCPOINT_IF,!isNowOn && !localTeam,.\Code\Game03\GameDll\TeamPerks.cpp,CallEvent(eventTeamRadar);,146
TeamPerk_SuitBoostOff_MyTeam,CCCPOINT_IF,!isNowOn && localTeam,.\Code\Game03\GameDll\TeamPerks.cpp,CallEvent(eventTeamRadar);,144
TeamPerk_SuitBoostOn_EnemyTeam,CCCPOINT_IF,isNowOn && !localTeam,.\Code\Game03\GameDll\TeamPerks.cpp,CallEvent(eventTeamRadar);,145
TeamPerk_SuitBoostOn_MyTeam,CCCPOINT_IF,isNowOn && localTeam,.\Code\Game03\GameDll\TeamPerks.cpp,CallEvent(eventTeamRadar);,143
Throw_AutomaticThrow,CCCPOINT,None,.\Code\Game03\GameDll\Throw.cpp,Update(float frameTime  uint32 frameId),100
Throw_NetShoot,CCCPOINT,None,.\Code\Game03\GameDll\Throw.cpp,NetShootEx(const Vec3 &pos  const Vec3 &dir  const Vec3 &vel  const Vec3 &hit  float extra  int predictionHandle),519
Throw_NetStart,CCCPOINT,None,.\Code\Game03\GameDll\Throw.cpp,NetStartFire(),293
Throw_NetStop,CCCPOINT,None,.\Code\Game03\GameDll\Throw.cpp,NetStopFire(),302
Throw_Prime,CCCPOINT,None,.\Code\Game03\GameDll\Throw.cpp,Prime(),213
Throw_Shoot,CCCPOINT,None,.\Code\Game03\GameDll\Throw.cpp,Shoot(bool resetAnimation  bool autoreload  bool isRemote),437
Throw_Start,CCCPOINT,None,.\Code\Game03\GameDll\Throw.cpp,StartFire(),237
Throw_Stop,CCCPOINT,None,.\Code\Game03\GameDll\Throw.cpp,StopFire(),281
Throw_SwitchBack,CCCPOINT,None,.\Code\Game03\GameDll\Throw.cpp,CheckAmmo(),389
UpdateExpensiveAccessoryQuota,CCCPOINT,None,.\Code\CryEngine\CryAISystem\CAISystemUpdate.cpp,Point_Point(interestPos  pPuppet->GetPos());,661
VictoryConditionsPlayer_SvEndSuddenDeath,CCCPOINT,None,.\Code\Game03\GameDll\GameRulesModules\GameRulesStandardVictoryConditionsPlayer.cpp,OnEndGamePlayer( EntityId playerId  EGameOverReason reason ),252
VictoryConditionsPlayer_SvStartSuddenDeath,CCCPOINT,None,.\Code\Game03\GameDll\GameRulesModules\GameRulesStandardVictoryConditionsPlayer.cpp,Update(frameTime);,96
VictoryConditionsPlayer_SvSuddenDeathTimeExpired,CCCPOINT,None,.\Code\Game03\GameDll\GameRulesModules\GameRulesStandardVictoryConditionsPlayer.cpp,CheckTimeLimit(),183
VictoryConditionsTeam_SvScoreLimitReached,CCCPOINT,None,.\Code\Game03\GameDll\GameRulesModules\GameRulesStandardVictoryConditionsTeam.cpp,CheckScoreLimit(),281
VictoryConditionsTeam_SvTimeLimitExpired,CCCPOINT,None,.\Code\Game03\GameDll\GameRulesModules\GameRulesStandardVictoryConditionsTeam.cpp,TimeLimitExpired(),198
VictoryConditionsTeam_SvTimeLimitReached,CCCPOINT,None,.\Code\Game03\GameDll\GameRulesModules\GameRulesStandardVictoryConditionsTeam.cpp,CheckScoreAsTimeLimit(),299
WeaponSystem_OnLoadingComplete,CCCPOINT,None,.\Code\Game03\GameDll\WeaponSystem.cpp,OnLoadingComplete(ILevel *pLevel),322
WeaponSystem_OnLoadingStart,CCCPOINT,None,.\Code\Game03\GameDll\WeaponSystem.cpp,OnLoadingStart(ILevelInfo *pLevel),307
Weapon_Deselect,CCCPOINT_IF,!select,.\Code\Game03\GameDll\Weapon.cpp,Select(select);,1045
Weapon_Select,CCCPOINT_IF,select,.\Code\Game03\GameDll\Weapon.cpp,Select(select);,1044
Weapon_StartDeselect,CCCPOINT,None,.\Code\Game03\GameDll\Weapon.cpp,StartDeselection(),1131
ltag_hide_currentShell,CCCPOINT_IF,string("currentShell") == attachmentName && hide,.\Code\Game03\GameDll\LTAG.cpp,HideGrenadeAttachment( ICharacterInstance* pWeaponCharacter  const char* attachmentName  bool hide ),173
ltag_hide_newShell,CCCPOINT_IF,string("newShell") == attachmentName && hide,.\Code\Game03\GameDll\LTAG.cpp,HideGrenadeAttachment( ICharacterInstance* pWeaponCharacter  const char* attachmentName  bool hide ),171
ltag_show_currentShell,CCCPOINT_IF,string("currentShell") == attachmentName && !hide,.\Code\Game03\GameDll\LTAG.cpp,HideGrenadeAttachment( ICharacterInstance* pWeaponCharacter  const char* attachmentName  bool hide ),174
ltag_show_newShell,CCCPOINT_IF,string("newShell") == attachmentName && !hide,.\Code\Game03\GameDll\LTAG.cpp,HideGrenadeAttachment( ICharacterInstance* pWeaponCharacter  const char* attachmentName  bool hide ),172
